交易日期,序号,编号,名称,涨幅%,来源,行业,概念,Pattern命中,Pattern编号,Pattern主编号,P1风险质量分,P2交易风险分,P4上涨质量分,P4五日均分,P4五日std,ATR%,建议总仓位%,macd交叉,macd背离,量价背离,macd_top_divergence_15d,macd_bottom_divergence_15d,macd_top_divergence_signal_date,macd_bottom_divergence_signal_date,bullish_volume_price_divergence_flag,bearish_volume_price_divergence_flag,macd,macd_signal_line,macd_hist,ATR14,1ATR止损参考,2ATR止损参考,2ATR止盈参考,3ATR止盈参考,波动分层,CUSUM触发,P1接近80分,P2接近80分,P1/P2/P4综合分,综合排序分,综合排名,phase1_feature_trade_date,phase1_model_name,phase1_model_version,phase2_feature_trade_date,phase2_model_name,phase2_model_version,phase4_feature_trade_date,phase4_model_name,phase4_model_version,Pattern理由,Pattern详细,old_high_date,old_high_price,days_since_old_high,max_drawdown_since_old_high,distance_to_old_high_pct,breakout_date,breakout_volume_ratio,breakout_close_position,breakout_upper_shadow_pct,breakout_body_pct,breakout_turnover,breakout_turnover_state,extension_above_old_high_pct,days_after_breakout,post_breakout_max_high_extension_pct,pullback_low_date,pullback_low_price,peak_to_pullback_drawdown_pct,pullback_back_half_volume_ratio,distance_to_ma20,volume_ratio_20,recent_high_date,recent_high_price,days_since_recent_high,distance_from_recent_high_pct,ma20_slope_short_pct,ma20_slope_long_pct,ma60_slope_short_pct,ma60_slope_long_pct,pullback_volume_contraction_ratio,ma20_touch_date,ma20_touch_distance,pattern6_branch,anchor_date,anchor_close,support_price,anchor_volume_ratio_prev,anchor_volume_ratio_ma20,launch_confirm_high_date,launch_confirm_high_price,launch_confirm_return_pct,peak_date,peak_price,anchor_to_peak_return_pct,limit_up_like_count,pullback_volume_ratio_to_anchor,pullback_front_half_avg_volume,pullback_back_half_avg_volume,rise_tail_avg_volume,pullback_max_volume,pullback_max_rise_tail_volume_ratio,support_touch_date,来源标签,phase4_5d_mean_rank,phase4_5d_mean_top5,收盘价,连续上榜天数
2026-05-15,1,"=""600203""",福日电子,-1.0998,pattern,电子-消费电子,5G/MiniLED/华为手机/华为概念/卫星导航/国企改革/小米概念/抖音概念(字节概念)/无人机/无线耳机/智慧灯杆/智能家居/智能座舱/智能穿戴/智能音箱/机器人概念/柔性屏(折叠屏)/汽车电子/海峡两岸/消费电子概念/福建自贸区,True,"[""5""]",5,45.97,66.52,90.33,62.64,22.71,3.19,36.85,above_signal,none,none,False,False,,,False,False,0.3565,0.3355,0.042,0.4019,12.1881,11.7863,13.3937,13.7956,中等波动,0,31.94,73.04,101.65,101.65,140.0,2026-05-15,logistic_regression,tail_risk_phase1_v1,2026-05-15,lightgbm_classifier,barrier_risk_phase2_v1,2026-05-15,lightgbm_regressor,alpha158_qlib_return_phase4_v1,"recent 10d high on 2026-05-08 at 13.43, MA20 touch on 2026-05-15, latest distance=-6.25%, vol5_20=0.88","[{""pattern_id"": 5, ""reason"": ""recent 10d high on 2026-05-08 at 13.43, MA20 touch on 2026-05-15, latest distance=-6.25%, vol5_20=0.88"", ""close"": 12.59, ""distance_to_ma20"": 0.0189, ""volume_ratio_20"": 0.8389, ""recent_high_date"": ""2026-05-08"", ""recent_high_price"": 13.43, ""days_since_recent_high"": 5.0, ""distance_from_recent_high_pct"": -0.0625, ""ma20_slope_short_pct"": 0.0046, ""ma20_slope_long_pct"": 0.0721, ""ma60_slope_short_pct"": 0.0005, ""ma60_slope_long_pct"": 0.0061, ""pullback_volume_contraction_ratio"": 0.8815, ""ma20_touch_date"": ""2026-05-15"", ""ma20_touch_distance"": 0.123}]",,,,,,,,,,,,,,,,,,,,0.0189,0.8389,2026-05-08,13.43,5.0,-0.0625,0.0046,0.0721,0.0005,0.0061,0.8815,2026-05-15,0.123,,,,,,,,,,,,,,,,,,,,,"[""pattern""]",914.0,False,12.59,1
2026-05-15,2,"=""002768""",国恩股份,1.7802,pattern,基础化工-塑料,PEEK材料/丙烯酸/人形机器人/人造肉/体育产业/储能/充电桩/医美概念/华为概念/华为汽车/可降解塑料/富士康概念/小米概念/新能源汽车/机器人概念/比亚迪概念/环氧丙烷/碳纤维/足球概念/锂电池概念/风电,True,"[""2""]",2,12.65,3.62,96.22,68.59,27.01,3.95,29.77,above_signal,none,none,False,False,,,False,False,2.9771,2.051,1.8522,2.4632,59.8568,57.3936,67.2464,69.7096,中等波动,1,0.0,0.0,96.22,96.22,,2026-05-15,logistic_regression,tail_risk_phase1_v1,2026-05-15,lightgbm_classifier,barrier_risk_phase2_v1,2026-05-15,lightgbm_regressor,alpha158_qlib_return_phase4_v1,"price above old high 60.98 from 2026-01-27, post_breakout=4d, vol_ratio=1.30","[{""pattern_id"": 2, ""reason"": ""price above old high 60.98 from 2026-01-27, post_breakout=4d, vol_ratio=1.30"", ""close"": 62.32, ""old_high_date"": ""2026-01-27"", ""old_high_price"": 60.98, ""days_since_old_high"": 68.0, ""max_drawdown_since_old_high"": 0.2748, ""distance_to_old_high_pct"": -0.022, ""breakout_date"": ""2026-05-11"", ""breakout_volume_ratio"": 1.3047, ""breakout_close_position"": 0.8072, ""breakout_upper_shadow_pct"": 0.1928, ""breakout_body_pct"": 0.6992, ""breakout_turnover"": 0.0567, ""breakout_turnover_state"": ""low"", ""extension_above_old_high_pct"": 0.022, ""days_after_breakout"": 4.0, ""post_breakout_max_high_extension_pct"": 0.0828, ""volume_ratio_20"": 2.0397}]",2026-01-27,60.98,68.0,0.2748,-0.022,2026-05-11,1.3047,0.8072,0.1928,0.6992,0.0567,low,0.022,4.0,0.0828,,,,,,2.0397,,,,,,,,,,,,,,,,,,,,,,,,,,,,,,,,"[""pattern""]",632.0,False,62.32,1
2026-05-15,3,"=""002563""",森马服饰,0.0,pattern,纺织服饰-服装家纺,IP经济(谷子经济)/三胎概念/体育产业/共同富裕示范区/数字经济/网红经济/足球概念/跨境电商/高股息精选,True,"[""2""]",2,52.83,75.43,79.75,88.26,5.74,2.7,40.0,above_signal,top_divergence,none,True,False,2026-04-24,,False,False,0.1433,0.1413,0.0038,0.1573,5.6727,5.5154,6.1446,6.3018,低波动,0,45.66,90.86,94.306,94.306,257.0,2026-05-15,logistic_regression,tail_risk_phase1_v1,2026-05-15,lightgbm_classifier,barrier_risk_phase2_v1,2026-05-15,lightgbm_regressor,alpha158_qlib_return_phase4_v1,"price above old high 5.73 from 2026-02-06, post_breakout=9d, vol_ratio=1.52","[{""pattern_id"": 2, ""reason"": ""price above old high 5.73 from 2026-02-06, post_breakout=9d, vol_ratio=1.52"", ""close"": 5.83, ""old_high_date"": ""2026-02-06"", ""old_high_price"": 5.73, ""days_since_old_high"": 60.0, ""max_drawdown_since_old_high"": 0.1257, ""distance_to_old_high_pct"": -0.0175, ""breakout_date"": ""2026-04-29"", ""breakout_volume_ratio"": 1.5202, ""breakout_close_position"": 0.8261, ""breakout_upper_shadow_pct"": 0.1739, ""breakout_body_pct"": 0.4783, ""breakout_turnover"": 0.0396, ""breakout_turnover_state"": ""low"", ""extension_above_old_high_pct"": 0.0175, ""days_after_breakout"": 9.0, ""post_breakout_max_high_extension_pct"": 0.0198, ""volume_ratio_20"": 0.5892}]",2026-02-06,5.73,60.0,0.1257,-0.0175,2026-04-29,1.5202,0.8261,0.1739,0.4783,0.0396,low,0.0175,9.0,0.0198,,,,,,0.5892,,,,,,,,,,,,,,,,,,,,,,,,,,,,,,,,"[""pattern""]",79.0,False,5.83,1
2026-05-15,4,"=""001301""",尚太科技,0.7054,pattern,,专精特新/京津冀一体化/储能/回购增持再贷款概念/宁德时代概念/石墨电极/锂电池概念,True,"[""5""]",5,70.47,47.04,69.34,79.56,13.76,4.52,26.04,dead_cross,none,bearish,False,False,,,False,True,1.1268,1.2664,-0.2792,3.6119,76.3381,72.7262,87.1738,90.7856,中等波动,0,80.94,34.08,79.9048,79.9048,,2026-05-15,logistic_regression,tail_risk_phase1_v1,2026-05-15,lightgbm_classifier,barrier_risk_phase2_v1,2026-05-15,lightgbm_regressor,alpha158_qlib_return_phase4_v1,"recent 10d high on 2026-05-06 at 87.49, MA20 touch on 2026-05-15, latest distance=-8.62%, vol5_20=0.81","[{""pattern_id"": 5, ""reason"": ""recent 10d high on 2026-05-06 at 87.49, MA20 touch on 2026-05-15, latest distance=-8.62%, vol5_20=0.81"", ""close"": 79.95, ""distance_to_ma20"": 0.0166, ""volume_ratio_20"": 0.7564, ""recent_high_date"": ""2026-05-06"", ""recent_high_price"": 87.49, ""days_since_recent_high"": 7.0, ""distance_from_recent_high_pct"": -0.0862, ""ma20_slope_short_pct"": 0.0025, ""ma20_slope_long_pct"": 0.0583, ""ma60_slope_short_pct"": 0.0002, ""ma60_slope_long_pct"": 0.0127, ""pullback_volume_contraction_ratio"": 0.8119, ""ma20_touch_date"": ""2026-05-15"", ""ma20_touch_distance"": 0.1645}]",,,,,,,,,,,,,,,,,,,,0.0166,0.7564,2026-05-06,87.49,7.0,-0.0862,0.0025,0.0583,0.0002,0.0127,0.8119,2026-05-15,0.1645,,,,,,,,,,,,,,,,,,,,,"[""pattern""]",239.0,False,79.95,1
2026-05-15,5,"=""600150""",中国船舶,0.8205,pattern,国防军工-航海装备Ⅱ,DeepSeek概念/一带一路/中字头股票/中船系/军工/军民融合/商业航天/国产航母/国企改革/央企国企改革/海工装备/股权转让(并购重组)/航运概念/风电/高端装备,True,"[""3""]",3,19.85,17.81,79.48,76.86,22.39,3.49,33.67,above_signal,none,none,False,False,,,False,False,1.8474,1.8473,0.0002,1.4167,39.1333,37.7166,43.3834,44.8001,中等波动,0,0.0,0.0,79.48,79.48,,2026-05-15,logistic_regression,tail_risk_phase1_v1,2026-05-15,lightgbm_classifier,barrier_risk_phase2_v1,2026-05-15,lightgbm_regressor,alpha158_qlib_return_phase4_v1,"post breakout 10d from 2026-04-28, below old high 40.98, vol_ratio=1.09","[{""pattern_id"": 3, ""reason"": ""post breakout 10d from 2026-04-28, below old high 40.98, vol_ratio=1.09"", ""close"": 40.55, ""old_high_date"": ""2025-08-19"", ""old_high_price"": 40.98, ""days_since_old_high"": 175.0, ""max_drawdown_since_old_high"": 0.2679, ""distance_to_old_high_pct"": 0.0105, ""breakout_date"": ""2026-04-28"", ""breakout_volume_ratio"": 1.0865, ""breakout_close_position"": 0.8077, ""breakout_upper_shadow_pct"": 0.1923, ""breakout_body_pct"": 0.7722, ""breakout_turnover"": 0.0433, ""breakout_turnover_state"": ""low"", ""extension_above_old_high_pct"": 0.0, ""days_after_breakout"": 10.0, ""post_breakout_max_high_extension_pct"": 0.0508, ""volume_ratio_20"": 0.7203}]",2025-08-19,40.98,175.0,0.2679,0.0105,2026-04-28,1.0865,0.8077,0.1923,0.7722,0.0433,low,0.0,10.0,0.0508,,,,,,0.7203,,,,,,,,,,,,,,,,,,,,,,,,,,,,,,,,"[""pattern""]",317.0,False,40.55,1
2026-05-15,6,"=""002443""",金洲管道,0.7353,pattern,钢铁-特钢Ⅱ,,True,"[""1""]",1,42.62,6.83,74.3,86.02,11.15,4.26,27.6,above_signal,none,bullish,False,False,,,True,False,0.758,0.7081,0.0999,0.5256,11.8044,11.2788,13.3812,13.9067,中等波动,0,25.24,0.0,76.3192,76.3192,,2026-05-15,logistic_regression,tail_risk_phase1_v1,2026-05-15,lightgbm_classifier,barrier_risk_phase2_v1,2026-05-15,lightgbm_regressor,alpha158_qlib_return_phase4_v1,"near old high 12.62 from 2016-06-21, distance=2.30%, drawdown=67.75%, vol20=1.07","[{""pattern_id"": 1, ""reason"": ""near old high 12.62 from 2016-06-21, distance=2.30%, drawdown=67.75%, vol20=1.07"", ""close"": 12.33, ""old_high_date"": ""2016-06-21"", ""old_high_price"": 12.62, ""days_since_old_high"": 2342.0, ""max_drawdown_since_old_high"": 0.6775, ""distance_to_old_high_pct"": 0.023, ""extension_above_old_high_pct"": 0.0, ""volume_ratio_20"": 1.0677}]",2016-06-21,12.62,2342.0,0.6775,0.023,,,,,,,,0.0,,,,,,,,1.0677,,,,,,,,,,,,,,,,,,,,,,,,,,,,,,,,"[""pattern""]",112.0,False,12.33,1
2026-05-15,7,"=""600338""",西藏珠峰,-2.4357,pattern,有色金属-工业金属,一带一路/人民币贬值受益/免税店/小金属概念/盐湖提锂/西部大开发/金属铅/金属铜/金属锌/锂电池概念,True,"[""6""]",6,9.64,42.45,72.42,86.95,12.99,6.91,17.03,below_signal,none,none,False,False,,,False,False,1.0029,1.5657,-1.1257,1.4662,19.7638,18.2975,24.1625,25.6287,高波动,0,0.0,24.9,75.408,75.408,,2026-05-15,logistic_regression,tail_risk_phase1_v1,2026-05-15,lightgbm_classifier,barrier_risk_phase2_v1,2026-05-15,lightgbm_regressor,alpha158_qlib_return_phase4_v1,"double-volume support hold: anchor=2026-04-16 close=20.51, peak=28.28 on 2026-04-30, launch=37.88%, limit_up_like=3, pullback=25.67%, vol_back/front=0.60, pullback_max/rise_tail=1.07, touch=2026-05-15","[{""pattern_id"": 6, ""reason"": ""double-volume support hold: anchor=2026-04-16 close=20.51, peak=28.28 on 2026-04-30, launch=37.88%, limit_up_like=3, pullback=25.67%, vol_back/front=0.60, pullback_max/rise_tail=1.07, touch=2026-05-15"", ""close"": 21.23, ""pullback_low_date"": ""2026-05-15"", ""pullback_low_price"": 21.02, ""peak_to_pullback_drawdown_pct"": 0.2567, ""pullback_back_half_volume_ratio"": 0.5985, ""volume_ratio_20"": 0.7023, ""pattern6_branch"": ""support_hold"", ""anchor_date"": ""2026-04-16"", ""anchor_close"": 20.51, ""support_price"": 20.51, ""anchor_volume_ratio_prev"": 1.255, ""anchor_volume_ratio_ma20"": 2.0199, ""launch_confirm_high_date"": ""2026-04-30"", ""launch_confirm_high_price"": 28.28, ""launch_confirm_return_pct"": 0.3788, ""peak_date"": ""2026-04-30"", ""peak_price"": 28.28, ""anchor_to_peak_return_pct"": 0.3788, ""limit_up_like_count"": 3.0, ""pullback_volume_ratio_to_anchor"": 0.8356, ""pullback_front_half_avg_volume"": 126634066.0, ""pullback_back_half_avg_volume"": 75787687.25, ""rise_tail_avg_volume"": 145385263.3333, ""pullback_max_volume"": 155809867.0, ""pullback_max_rise_tail_volume_ratio"": 1.0717, ""support_touch_date"": ""2026-05-15""}]",,,,,,,,,,,,,,,,2026-05-15,21.02,0.2567,0.5985,,0.7023,,,,,,,,,,,,support_hold,2026-04-16,20.51,20.51,1.255,2.0199,2026-04-30,28.28,0.3788,2026-04-30,28.28,0.3788,3.0,0.8356,126634066.0,75787687.25,145385263.3333,155809867.0,1.0717,2026-05-15,"[""pattern""]",95.0,False,21.23,1
2026-05-15,8,"=""002755""",奥赛康,-0.2377,pattern,医药生物-化学制药,仿制药一致性评价/创新药/医药电商/幽门螺杆菌概念/流感,True,"[""5""]",5,54.13,63.81,53.28,72.08,19.02,4.0,29.44,above_signal,top_divergence,none,True,False,2026-05-07,,False,False,0.3861,0.3527,0.0669,0.6709,16.1191,15.4482,18.1318,18.8027,中等波动,0,48.26,67.62,65.2552,65.2552,,2026-05-15,logistic_regression,tail_risk_phase1_v1,2026-05-15,lightgbm_classifier,barrier_risk_phase2_v1,2026-05-15,lightgbm_regressor,alpha158_qlib_return_phase4_v1,"recent 10d high on 2026-05-08 at 18.10, MA20 touch on 2026-05-15, latest distance=-7.24%, vol5_20=0.88","[{""pattern_id"": 5, ""reason"": ""recent 10d high on 2026-05-08 at 18.10, MA20 touch on 2026-05-15, latest distance=-7.24%, vol5_20=0.88"", ""close"": 16.79, ""distance_to_ma20"": 0.0228, ""volume_ratio_20"": 0.7166, ""recent_high_date"": ""2026-05-08"", ""recent_high_price"": 18.1, ""days_since_recent_high"": 5.0, ""distance_from_recent_high_pct"": -0.0724, ""ma20_slope_short_pct"": 0.0027, ""ma20_slope_long_pct"": 0.0297, ""ma60_slope_short_pct"": 0.0007, ""ma60_slope_long_pct"": 0.0067, ""pullback_volume_contraction_ratio"": 0.8791, ""ma20_touch_date"": ""2026-05-15"", ""ma20_touch_distance"": 0.1235}]",,,,,,,,,,,,,,,,,,,,0.0228,0.7166,2026-05-08,18.1,5.0,-0.0724,0.0027,0.0297,0.0007,0.0067,0.8791,2026-05-15,0.1235,,,,,,,,,,,,,,,,,,,,,"[""pattern""]",477.0,False,16.79,1
2026-05-15,9,"=""000301""",东方盛虹,-0.3063,pattern,,POE胶膜/光伏概念/回购增持再贷款概念/工业互联网/煤化工概念/环氧丙烷/碳纤维/锂电池概念,True,"[""5""]",5,92.47,40.78,46.45,72.49,28.0,3.49,33.72,below_signal,none,none,False,False,,,False,False,0.3452,0.363,-0.0357,0.4543,12.5657,12.1114,13.9286,14.3829,中等波动,0,75.06,21.56,55.042,55.042,,2026-05-15,logistic_regression,tail_risk_phase1_v1,2026-05-15,lightgbm_classifier,barrier_risk_phase2_v1,2026-05-15,lightgbm_regressor,alpha158_qlib_return_phase4_v1,"recent 10d high on 2026-04-30 at 13.48, MA20 touch on 2026-05-14, latest distance=-3.41%, vol5_20=0.85","[{""pattern_id"": 5, ""reason"": ""recent 10d high on 2026-04-30 at 13.48, MA20 touch on 2026-05-14, latest distance=-3.41%, vol5_20=0.85"", ""close"": 13.02, ""distance_to_ma20"": 0.0242, ""volume_ratio_20"": 1.0411, ""recent_high_date"": ""2026-04-30"", ""recent_high_price"": 13.48, ""days_since_recent_high"": 8.0, ""distance_from_recent_high_pct"": -0.0341, ""ma20_slope_short_pct"": 0.0064, ""ma20_slope_long_pct"": 0.0781, ""ma60_slope_short_pct"": 0.0003, ""ma60_slope_long_pct"": 0.0057, ""pullback_volume_contraction_ratio"": 0.8541, ""ma20_touch_date"": ""2026-05-14"", ""ma20_touch_distance"": 0.089}]",,,,,,,,,,,,,,,,,,,,0.0242,1.0411,2026-04-30,13.48,8.0,-0.0341,0.0064,0.0781,0.0003,0.0057,0.8541,2026-05-14,0.089,,,,,,,,,,,,,,,,,,,,,"[""pattern""]",465.0,False,13.02,1
2026-05-15,10,"=""001313""",粤海饲料,-1.5201,pattern,,,True,"[""3""]",3,16.3,54.44,47.46,32.98,36.68,5.14,22.87,above_signal,none,none,False,False,,,False,False,0.3377,0.3119,0.0515,0.4666,8.6034,8.1367,10.0033,10.4699,中等波动,0,0.0,48.88,53.3256,53.3256,,2026-05-15,logistic_regression,tail_risk_phase1_v1,2026-05-15,lightgbm_classifier,barrier_risk_phase2_v1,2026-05-15,lightgbm_regressor,alpha158_qlib_return_phase4_v1,"post breakout 5d from 2026-05-08, below old high 9.25, vol_ratio=1.17","[{""pattern_id"": 3, ""reason"": ""post breakout 5d from 2026-05-08, below old high 9.25, vol_ratio=1.17"", ""close"": 9.07, ""old_high_date"": ""2025-12-08"", ""old_high_price"": 9.25, ""days_since_old_high"": 102.0, ""max_drawdown_since_old_high"": 0.3049, ""distance_to_old_high_pct"": 0.0195, ""breakout_date"": ""2026-05-08"", ""breakout_volume_ratio"": 1.1734, ""breakout_close_position"": 0.8023, ""breakout_upper_shadow_pct"": 0.1977, ""breakout_body_pct"": 0.7674, ""breakout_turnover"": 0.0601, ""breakout_turnover_state"": ""low"", ""extension_above_old_high_pct"": 0.0, ""days_after_breakout"": 5.0, ""post_breakout_max_high_extension_pct"": 0.0386, ""volume_ratio_20"": 0.9599}]",2025-12-08,9.25,102.0,0.3049,0.0195,2026-05-08,1.1734,0.8023,0.1977,0.7674,0.0601,low,0.0,5.0,0.0386,,,,,,0.9599,,,,,,,,,,,,,,,,,,,,,,,,,,,,,,,,"[""pattern""]",2300.0,False,9.07,1
2026-05-15,11,"=""600790""",轻纺城,-0.905,pattern,商贸零售-一般零售,AI应用/AI智能体/一带一路/创投/参股银行/回购增持再贷款概念/国企改革/数字经济/智能物流/物业管理/跨境电商,True,"[""2""]",2,13.93,79.81,40.73,31.92,24.68,3.78,31.12,above_signal,none,none,False,False,,,False,False,0.2112,0.1863,0.0497,0.1656,4.2144,4.0487,4.7113,4.8769,中等波动,0,0.0,99.62,52.6844,52.6844,,2026-05-15,logistic_regression,tail_risk_phase1_v1,2026-05-15,lightgbm_classifier,barrier_risk_phase2_v1,2026-05-15,lightgbm_regressor,alpha158_qlib_return_phase4_v1,"price above old high 4.35 from 2025-04-24, post_breakout=7d, vol_ratio=1.18","[{""pattern_id"": 2, ""reason"": ""price above old high 4.35 from 2025-04-24, post_breakout=7d, vol_ratio=1.18"", ""close"": 4.38, ""old_high_date"": ""2025-04-24"", ""old_high_price"": 4.3479, ""days_since_old_high"": 254.0, ""max_drawdown_since_old_high"": 0.2165, ""distance_to_old_high_pct"": -0.0074, ""breakout_date"": ""2026-05-06"", ""breakout_volume_ratio"": 1.175, ""breakout_close_position"": 1.0, ""breakout_upper_shadow_pct"": 0.0, ""breakout_body_pct"": 0.9318, ""breakout_turnover"": 0.0413, ""breakout_turnover_state"": ""low"", ""extension_above_old_high_pct"": 0.0074, ""days_after_breakout"": 7.0, ""post_breakout_max_high_extension_pct"": 0.0866, ""volume_ratio_20"": 0.8031}]",2025-04-24,4.3479,254.0,0.2165,-0.0074,2026-05-06,1.175,1.0,0.0,0.9318,0.0413,low,0.0074,7.0,0.0866,,,,,,0.8031,,,,,,,,,,,,,,,,,,,,,,,,,,,,,,,,"[""pattern""]",2350.0,False,4.38,1
2026-05-15,12,"=""600060""",海信视像,1.5955,pattern,家用电器-黑色家电,AI智能体/AI眼镜/DeepSeek概念/MCU芯片/MR(混合现实)/MicroLED概念/MiniLED/人工智能/元宇宙/商业航天/多模态AI/家用电器/数字经济/数据要素/智能家居/智能穿戴/机器人概念/汽车电子/消费电子概念/芯片概念/虚拟数字人/虚拟现实/高股息精选,True,"[""1""]",1,38.3,15.6,44.14,55.36,15.08,2.64,40.0,above_signal,none,none,False,False,,,False,False,0.6666,0.6363,0.0607,0.6729,24.7971,24.1243,26.8157,27.4886,低波动,0,16.6,0.0,45.468,45.468,,2026-05-15,logistic_regression,tail_risk_phase1_v1,2026-05-15,lightgbm_classifier,barrier_risk_phase2_v1,2026-05-15,lightgbm_regressor,alpha158_qlib_return_phase4_v1,"near old high 26.68 from 2025-11-14, distance=4.54%, drawdown=22.04%, vol20=1.26","[{""pattern_id"": 1, ""reason"": ""near old high 26.68 from 2025-11-14, distance=4.54%, drawdown=22.04%, vol20=1.26"", ""close"": 25.47, ""old_high_date"": ""2025-11-14"", ""old_high_price"": 26.68, ""days_since_old_high"": 118.0, ""max_drawdown_since_old_high"": 0.2204, ""distance_to_old_high_pct"": 0.0454, ""extension_above_old_high_pct"": 0.0, ""volume_ratio_20"": 1.2645}]",2025-11-14,26.68,118.0,0.2204,0.0454,,,,,,,,0.0,,,,,,,,1.2645,,,,,,,,,,,,,,,,,,,,,,,,,,,,,,,,"[""pattern""]",1251.0,False,25.47,1
2026-05-15,13,"=""603985""",恒润股份,2.0755,pattern,,DeepSeek概念/东数西算(算力)/国企改革/智谱AI/核电/海工装备/算力租赁/英伟达概念/风电/高端装备,True,"[""5""]",5,7.7,10.28,37.32,52.68,21.13,6.49,18.14,below_signal,none,none,False,False,,,False,False,1.6362,1.8704,-0.4683,1.7548,25.2952,23.5405,30.5595,32.3143,高波动,0,0.0,0.0,37.32,37.32,,2026-05-15,logistic_regression,tail_risk_phase1_v1,2026-05-15,lightgbm_classifier,barrier_risk_phase2_v1,2026-05-15,lightgbm_regressor,alpha158_qlib_return_phase4_v1,"recent 10d high on 2026-05-07 at 29.60, MA20 touch on 2026-05-15, latest distance=-8.61%, vol5_20=0.74","[{""pattern_id"": 5, ""reason"": ""recent 10d high on 2026-05-07 at 29.60, MA20 touch on 2026-05-15, latest distance=-8.61%, vol5_20=0.74"", ""close"": 27.05, ""distance_to_ma20"": 0.0333, ""volume_ratio_20"": 0.7582, ""recent_high_date"": ""2026-05-07"", ""recent_high_price"": 29.6, ""days_since_recent_high"": 6.0, ""distance_from_recent_high_pct"": -0.0861, ""ma20_slope_short_pct"": 0.0114, ""ma20_slope_long_pct"": 0.1513, ""ma60_slope_short_pct"": 0.0092, ""ma60_slope_long_pct"": 0.0982, ""pullback_volume_contraction_ratio"": 0.7406, ""ma20_touch_date"": ""2026-05-15"", ""ma20_touch_distance"": -0.4095}]",,,,,,,,,,,,,,,,,,,,0.0333,0.7582,2026-05-07,29.6,6.0,-0.0861,0.0114,0.1513,0.0092,0.0982,0.7406,2026-05-15,-0.4095,,,,,,,,,,,,,,,,,,,,,"[""pattern""]",1374.0,False,27.05,1
2026-05-15,14,"=""601918""",新集能源,1.7261,pattern,煤炭-煤炭开采,回购增持再贷款概念/国企改革/央企国企改革/煤化工概念/煤炭概念/超超临界发电/风电,True,"[""1""]",1,28.59,9.24,35.34,69.98,20.36,3.5,33.59,above_signal,none,none,False,False,,,False,False,0.2861,0.2586,0.0549,0.3096,8.5304,8.2208,9.4592,9.7688,中等波动,0,0.0,0.0,35.34,35.34,,2026-05-15,logistic_regression,tail_risk_phase1_v1,2026-05-15,lightgbm_classifier,barrier_risk_phase2_v1,2026-05-15,lightgbm_regressor,alpha158_qlib_return_phase4_v1,"near old high 9.30 from 2024-10-08, distance=4.97%, drawdown=35.62%, vol20=0.96","[{""pattern_id"": 1, ""reason"": ""near old high 9.30 from 2024-10-08, distance=4.97%, drawdown=35.62%, vol20=0.96"", ""close"": 8.84, ""old_high_date"": ""2024-10-08"", ""old_high_price"": 9.3023, ""days_since_old_high"": 388.0, ""max_drawdown_since_old_high"": 0.3563, ""distance_to_old_high_pct"": 0.0497, ""extension_above_old_high_pct"": 0.0, ""volume_ratio_20"": 0.959}]",2024-10-08,9.3023,388.0,0.3563,0.0497,,,,,,,,0.0,,,,,,,,0.959,,,,,,,,,,,,,,,,,,,,,,,,,,,,,,,,"[""pattern""]",563.0,False,8.84,1
2026-05-15,15,"=""002832""",比音勒芬,0.8588,pattern,纺织服饰-服装家纺,体育产业/网红经济,True,"[""1""]",1,7.16,5.22,33.43,34.54,11.51,3.31,35.53,above_signal,none,none,False,False,,,False,False,0.9577,0.788,0.3395,0.7,20.44,19.74,22.54,23.24,中等波动,0,0.0,0.0,33.43,33.43,,2026-05-15,logistic_regression,tail_risk_phase1_v1,2026-05-15,lightgbm_classifier,barrier_risk_phase2_v1,2026-05-15,lightgbm_regressor,alpha158_qlib_return_phase4_v1,"near old high 22.16 from 2024-12-16, distance=4.60%, drawdown=33.48%, vol20=1.19","[{""pattern_id"": 1, ""reason"": ""near old high 22.16 from 2024-12-16, distance=4.60%, drawdown=33.48%, vol20=1.19"", ""close"": 21.14, ""old_high_date"": ""2024-12-16"", ""old_high_price"": 22.1594, ""days_since_old_high"": 339.0, ""max_drawdown_since_old_high"": 0.3348, ""distance_to_old_high_pct"": 0.046, ""extension_above_old_high_pct"": 0.0, ""volume_ratio_20"": 1.1908}]",2024-12-16,22.1594,339.0,0.3348,0.046,,,,,,,,0.0,,,,,,,,1.1908,,,,,,,,,,,,,,,,,,,,,,,,,,,,,,,,"[""pattern""]",2238.0,False,21.14,1
2026-05-15,16,"=""600188""",兖矿能源,4.0846,pattern,煤炭-煤炭开采,参股银行/国企改革/小金属概念/煤化工概念/煤炭概念/风电/高股息精选,True,"[""5""]",5,36.16,21.06,16.4,51.73,33.45,4.83,24.33,below_signal,none,bearish,False,False,,,False,True,0.3929,0.5194,-0.253,1.0226,20.1274,19.1049,23.1951,24.2177,中等波动,1,12.32,0.0,17.3856,17.3856,,2026-05-15,logistic_regression,tail_risk_phase1_v1,2026-05-15,lightgbm_classifier,barrier_risk_phase2_v1,2026-05-15,lightgbm_regressor,alpha158_qlib_return_phase4_v1,"recent 10d high on 2026-04-29 at 23.60, MA20 touch on 2026-05-15, latest distance=-10.38%, vol5_20=0.90","[{""pattern_id"": 5, ""reason"": ""recent 10d high on 2026-04-29 at 23.60, MA20 touch on 2026-05-15, latest distance=-10.38%, vol5_20=0.90"", ""close"": 21.15, ""distance_to_ma20"": 0.0174, ""volume_ratio_20"": 1.1201, ""recent_high_date"": ""2026-04-29"", ""recent_high_price"": 23.6, ""days_since_recent_high"": 9.0, ""distance_from_recent_high_pct"": -0.1038, ""ma20_slope_short_pct"": 0.004, ""ma20_slope_long_pct"": 0.0586, ""ma60_slope_short_pct"": 0.0047, ""ma60_slope_long_pct"": 0.0631, ""pullback_volume_contraction_ratio"": 0.9006, ""ma20_touch_date"": ""2026-05-15"", ""ma20_touch_distance"": -0.6485}]",,,,,,,,,,,,,,,,,,,,0.0174,1.1201,2026-04-29,23.6,9.0,-0.1038,0.004,0.0586,0.0047,0.0631,0.9006,2026-05-15,-0.6485,,,,,,,,,,,,,,,,,,,,,"[""pattern""]",1416.0,False,21.15,1
2026-05-15,17,"=""603290""",斯达半导,0.3937,pattern,,MCU芯片/专精特新/人民币贬值受益/低空经济/储能/光伏概念/数据中心/新能源汽车/汽车芯片/第三代半导体/芯片概念/高压快充,True,"[""2""]",2,10.91,3.08,15.33,59.33,41.88,4.58,25.71,above_signal,none,none,False,False,,,False,False,4.6125,2.4289,4.3672,5.7181,119.2319,113.5138,136.3862,142.1044,中等波动,0,0.0,0.0,15.33,15.33,,2026-05-15,logistic_regression,tail_risk_phase1_v1,2026-05-15,lightgbm_classifier,barrier_risk_phase2_v1,2026-05-15,lightgbm_regressor,alpha158_qlib_return_phase4_v1,"price above old high 117.06 from 2026-01-28, post_breakout=2d, vol_ratio=1.14","[{""pattern_id"": 2, ""reason"": ""price above old high 117.06 from 2026-01-28, post_breakout=2d, vol_ratio=1.14"", ""close"": 124.95, ""old_high_date"": ""2026-01-28"", ""old_high_price"": 117.06, ""days_since_old_high"": 67.0, ""max_drawdown_since_old_high"": 0.1799, ""distance_to_old_high_pct"": -0.0674, ""breakout_date"": ""2026-05-13"", ""breakout_volume_ratio"": 1.1386, ""breakout_close_position"": 1.0, ""breakout_upper_shadow_pct"": 0.0, ""breakout_body_pct"": 0.9099, ""breakout_turnover"": 0.0644, ""breakout_turnover_state"": ""low"", ""extension_above_old_high_pct"": 0.0674, ""days_after_breakout"": 2.0, ""post_breakout_max_high_extension_pct"": 0.0849, ""volume_ratio_20"": 1.7487}]",2026-01-28,117.06,67.0,0.1799,-0.0674,2026-05-13,1.1386,1.0,0.0,0.9099,0.0644,low,0.0674,2.0,0.0849,,,,,,1.7487,,,,,,,,,,,,,,,,,,,,,,,,,,,,,,,,"[""pattern""]",1060.0,False,124.95,1
2026-05-15,18,"=""603226""",菲林格尔,4.0659,pattern,,智能家居/股权转让(并购重组),True,"[""1""]",1,12.39,7.0,12.62,57.39,28.94,4.58,25.71,above_signal,none,bullish,False,False,,,True,False,2.3395,1.7821,1.1149,2.1667,45.1833,43.0167,51.6833,53.85,中等波动,1,0.0,0.0,12.62,12.62,,2026-05-15,logistic_regression,tail_risk_phase1_v1,2026-05-15,lightgbm_classifier,barrier_risk_phase2_v1,2026-05-15,lightgbm_regressor,alpha158_qlib_return_phase4_v1,"near old high 49.70 from 2025-10-14, distance=4.73%, drawdown=45.01%, vol20=1.16","[{""pattern_id"": 1, ""reason"": ""near old high 49.70 from 2025-10-14, distance=4.73%, drawdown=45.01%, vol20=1.16"", ""close"": 47.35, ""old_high_date"": ""2025-10-14"", ""old_high_price"": 49.7, ""days_since_old_high"": 141.0, ""max_drawdown_since_old_high"": 0.4501, ""distance_to_old_high_pct"": 0.0473, ""extension_above_old_high_pct"": 0.0, ""volume_ratio_20"": 1.1571}]",2025-10-14,49.7,141.0,0.4501,0.0473,,,,,,,,0.0,,,,,,,,1.1571,,,,,,,,,,,,,,,,,,,,,,,,,,,,,,,,"[""pattern""]",1147.0,False,47.35,1
2026-05-15,19,"=""600854""",春兰股份,-2.7397,pattern,家用电器-白色家电,军民融合/家用电器/物业管理/超超临界发电,True,"[""3""]",3,5.12,9.04,12.01,24.97,37.52,4.13,28.48,above_signal,none,none,False,False,,,False,False,0.1829,0.1288,0.1081,0.2346,5.4454,5.2108,6.1492,6.3839,中等波动,1,0.0,0.0,12.01,12.01,,2026-05-15,logistic_regression,tail_risk_phase1_v1,2026-05-15,lightgbm_classifier,barrier_risk_phase2_v1,2026-05-15,lightgbm_regressor,alpha158_qlib_return_phase4_v1,"post breakout 4d from 2026-05-11, below old high 5.79, vol_ratio=1.20","[{""pattern_id"": 3, ""reason"": ""post breakout 4d from 2026-05-11, below old high 5.79, vol_ratio=1.20"", ""close"": 5.68, ""old_high_date"": ""2025-11-14"", ""old_high_price"": 5.79, ""days_since_old_high"": 118.0, ""max_drawdown_since_old_high"": 0.2038, ""distance_to_old_high_pct"": 0.019, ""breakout_date"": ""2026-05-11"", ""breakout_volume_ratio"": 1.198, ""breakout_close_position"": 1.0, ""breakout_upper_shadow_pct"": 0.0, ""breakout_body_pct"": 0.9444, ""breakout_turnover"": 0.0438, ""breakout_turnover_state"": ""low"", ""extension_above_old_high_pct"": 0.0, ""days_after_breakout"": 4.0, ""post_breakout_max_high_extension_pct"": 0.0906, ""volume_ratio_20"": 1.8457}]",2025-11-14,5.79,118.0,0.2038,0.019,2026-05-11,1.198,1.0,0.0,0.9444,0.0438,low,0.0,4.0,0.0906,,,,,,1.8457,,,,,,,,,,,,,,,,,,,,,,,,,,,,,,,,"[""pattern""]",2612.0,False,5.68,1
2026-05-15,20,"=""603601""",再升科技,1.8105,pattern,建筑材料-玻璃玻纤,,True,"[""5""]",5,61.33,18.61,2.51,25.65,22.52,7.92,14.86,above_signal,none,none,False,False,,,False,False,0.9415,0.9272,0.0285,1.3357,15.5343,14.1985,19.5415,20.8772,高波动,0,62.66,0.0,7.5228,7.5228,,2026-05-15,logistic_regression,tail_risk_phase1_v1,2026-05-15,lightgbm_classifier,barrier_risk_phase2_v1,2026-05-15,lightgbm_regressor,alpha158_qlib_return_phase4_v1,"recent 10d high on 2026-05-08 at 18.75, MA20 touch on 2026-05-15, latest distance=-10.03%, vol5_20=0.88","[{""pattern_id"": 5, ""reason"": ""recent 10d high on 2026-05-08 at 18.75, MA20 touch on 2026-05-15, latest distance=-10.03%, vol5_20=0.88"", ""close"": 16.87, ""distance_to_ma20"": 0.0525, ""volume_ratio_20"": 0.6553, ""recent_high_date"": ""2026-05-08"", ""recent_high_price"": 18.75, ""days_since_recent_high"": 5.0, ""distance_from_recent_high_pct"": -0.1003, ""ma20_slope_short_pct"": 0.0084, ""ma20_slope_long_pct"": 0.0955, ""ma60_slope_short_pct"": 0.0062, ""ma60_slope_long_pct"": 0.0687, ""pullback_volume_contraction_ratio"": 0.8776, ""ma20_touch_date"": ""2026-05-15"", ""ma20_touch_distance"": 0.061}]",,,,,,,,,,,,,,,,,,,,0.0525,0.6553,2026-05-08,18.75,5.0,-0.1003,0.0084,0.0955,0.0062,0.0687,0.8776,2026-05-15,0.061,,,,,,,,,,,,,,,,,,,,,"[""pattern""]",2590.0,False,16.87,1
2026-05-15,21,"=""603375""",盛景微,-1.9231,pattern,电子-半导体,,True,"[""1""]",1,11.65,13.46,4.82,24.47,34.07,4.27,27.58,above_signal,none,bullish,False,False,,,True,False,2.3995,2.0386,0.7217,2.0451,45.8949,43.8497,52.0303,54.0754,中等波动,0,0.0,0.0,4.82,4.82,,2026-05-15,logistic_regression,tail_risk_phase1_v1,2026-05-15,lightgbm_classifier,barrier_risk_phase2_v1,2026-05-15,lightgbm_regressor,alpha158_qlib_return_phase4_v1,"near old high 49.70 from 2024-12-13, distance=3.53%, drawdown=43.14%, vol20=0.99","[{""pattern_id"": 1, ""reason"": ""near old high 49.70 from 2024-12-13, distance=3.53%, drawdown=43.14%, vol20=0.99"", ""close"": 47.94, ""old_high_date"": ""2024-12-13"", ""old_high_price"": 49.6954, ""days_since_old_high"": 340.0, ""max_drawdown_since_old_high"": 0.4314, ""distance_to_old_high_pct"": 0.0353, ""extension_above_old_high_pct"": 0.0, ""volume_ratio_20"": 0.9856}]",2024-12-13,49.6954,340.0,0.4314,0.0353,,,,,,,,0.0,,,,,,,,0.9856,,,,,,,,,,,,,,,,,,,,,,,,,,,,,,,,"[""pattern""]",2630.0,False,47.94,1
2026-05-15,22,"=""001223""",欧克科技,-1.3706,pattern,机械设备-自动化设备,PCB概念/PET铜箔/专精特新/可降解塑料/固态电池/新型工业化/无人机/机器人概念/消费电子概念/锂电池概念,True,"[""2""]",2,4.05,3.41,2.91,18.7,21.36,4.87,24.16,above_signal,none,none,False,False,,,False,False,3.3161,2.0145,2.6031,3.399,66.401,63.0021,76.5979,79.9969,中等波动,0,0.0,0.0,2.91,2.91,,2026-05-15,logistic_regression,tail_risk_phase1_v1,2026-05-15,lightgbm_classifier,barrier_risk_phase2_v1,2026-05-15,lightgbm_regressor,alpha158_qlib_return_phase4_v1,"price above old high 68.66 from 2023-09-01, post_breakout=1d, vol_ratio=1.16","[{""pattern_id"": 2, ""reason"": ""price above old high 68.66 from 2023-09-01, post_breakout=1d, vol_ratio=1.16"", ""close"": 69.8, ""old_high_date"": ""2023-09-01"", ""old_high_price"": 68.66, ""days_since_old_high"": 649.0, ""max_drawdown_since_old_high"": 0.6962, ""distance_to_old_high_pct"": -0.0166, ""breakout_date"": ""2026-05-14"", ""breakout_volume_ratio"": 1.1567, ""breakout_close_position"": 1.0, ""breakout_upper_shadow_pct"": 0.0, ""breakout_body_pct"": 0.8499, ""breakout_turnover"": 0.1054, ""breakout_turnover_state"": ""low"", ""extension_above_old_high_pct"": 0.0166, ""days_after_breakout"": 1.0, ""post_breakout_max_high_extension_pct"": 0.0384, ""volume_ratio_20"": 2.7294}]",2023-09-01,68.66,649.0,0.6962,-0.0166,2026-05-14,1.1567,1.0,0.0,0.8499,0.1054,low,0.0166,1.0,0.0384,,,,,,2.7294,,,,,,,,,,,,,,,,,,,,,,,,,,,,,,,,"[""pattern""]",2783.0,False,69.8,1
2026-05-15,23,"=""600331""",宏达股份,-1.4118,phase4_top,基础化工-农化制品,信托概念/化肥/国企改革/小金属概念/磷化工/西部大开发/金属铜/金属锌,False,,,62.84,80.72,98.96,93.47,4.16,5.64,20.87,dead_cross,none,none,False,False,,,False,False,0.2918,0.4145,-0.2455,0.9447,15.8153,14.8705,18.6495,19.5942,中等波动,0,65.68,98.56,116.0416,116.0416,1.0,2026-05-15,logistic_regression,tail_risk_phase1_v1,2026-05-15,lightgbm_classifier,barrier_risk_phase2_v1,2026-05-15,lightgbm_regressor,alpha158_qlib_return_phase4_v1,,,,,,,,,,,,,,,,,,,,,,,,,,,,,,,,,,,,,,,,,,,,,,,,,,,,,,,"[""phase4_top""]",17.0,False,16.76,1
2026-05-15,24,"=""000566""",海南海药,-2.1368,phase4_top,医药生物-化学制药,仿制药一致性评价/创投/创新药/医疗器械概念/参股银行/国企改革/央企国企改革/民营医院/流感/海南自贸区/猴痘概念/肝炎概念/脑机接口,False,,,65.05,79.11,98.56,67.45,17.06,3.83,30.72,below_signal,none,none,False,False,,,False,False,-0.1914,-0.1605,-0.0619,0.1754,4.4046,4.2291,4.9309,5.1063,中等波动,0,70.1,98.22,115.9544,115.9544,2.0,2026-05-15,logistic_regression,tail_risk_phase1_v1,2026-05-15,lightgbm_classifier,barrier_risk_phase2_v1,2026-05-15,lightgbm_regressor,alpha158_qlib_return_phase4_v1,,,,,,,,,,,,,,,,,,,,,,,,,,,,,,,,,,,,,,,,,,,,,,,,,,,,,,,"[""phase4_top""]",675.0,False,4.58,1
2026-05-15,25,"=""605288""",凯迪股份,2.7359,phase4_top,,一带一路/人民币贬值受益/光伏概念/创投/医疗器械概念/新能源汽车/智能医疗/智能家居,False,,,85.77,82.62,96.08,92.68,5.14,5.18,22.73,above_signal,bottom_divergence,none,False,True,,2026-05-06,False,False,-2.7082,-3.1736,0.9308,4.1986,76.9114,72.7129,89.5071,93.7057,中等波动,0,88.46,94.76,114.528,114.528,3.0,2026-05-15,logistic_regression,tail_risk_phase1_v1,2026-05-15,lightgbm_classifier,barrier_risk_phase2_v1,2026-05-15,lightgbm_regressor,alpha158_qlib_return_phase4_v1,,,,,,,,,,,,,,,,,,,,,,,,,,,,,,,,,,,,,,,,,,,,,,,,,,,,,,,"[""phase4_top""]",25.0,False,81.11,1
2026-05-15,26,"=""002702""",海欣食品,-2.3411,phase4_top,食品饮料-食品加工,,False,,,82.93,85.84,96.15,86.34,9.77,3.37,34.93,above_signal,bottom_divergence,none,False,True,,2026-04-28,False,False,0.0616,0.0429,0.0375,0.1967,5.6433,5.4465,6.2335,6.4302,中等波动,1,94.14,88.32,114.2796,114.2796,4.0,2026-05-15,logistic_regression,tail_risk_phase1_v1,2026-05-15,lightgbm_classifier,barrier_risk_phase2_v1,2026-05-15,lightgbm_regressor,alpha158_qlib_return_phase4_v1,,,,,,,,,,,,,,,,,,,,,,,,,,,,,,,,,,,,,,,,,,,,,,,,,,,,,,,"[""phase4_top""]",104.0,False,5.84,1
2026-05-15,27,"=""002263""",大东南,-2.2333,phase4_top,基础化工-塑料,PET铜箔/光伏概念/共同富裕示范区/军工/国企改革/新能源汽车/柔性直流输电/比亚迪概念/特高压/石墨烯,False,,,48.95,76.53,99.56,94.92,4.49,6.61,17.79,below_signal,none,none,False,False,,,False,False,-0.0706,0.0035,-0.1482,0.2606,3.6794,3.4188,4.4612,4.7217,高波动,0,37.9,93.06,113.7592,113.7592,5.0,2026-05-15,logistic_regression,tail_risk_phase1_v1,2026-05-15,lightgbm_classifier,barrier_risk_phase2_v1,2026-05-15,lightgbm_regressor,alpha158_qlib_return_phase4_v1,,,,,,,,,,,,,,,,,,,,,,,,,,,,,,,,,,,,,,,,,,,,,,,,,,,,,,,"[""phase4_top""]",10.0,False,3.94,1
2026-05-15,28,"=""002524""",光正眼科,-2.3148,phase4_top,医药生物-医疗服务,人工智能/创投/医美概念/地下管网/天然气/新疆振兴/智能医疗/民营医院/眼科医疗/装配式建筑/西部大开发,False,,,72.11,88.22,96.55,91.64,3.22,3.12,37.7,above_signal,none,bearish,False,False,,,False,True,0.0101,0.0007,0.0187,0.1317,4.0883,3.9565,4.4835,4.6152,中等波动,0,84.22,83.56,113.3148,113.3148,6.0,2026-05-15,logistic_regression,tail_risk_phase1_v1,2026-05-15,lightgbm_classifier,barrier_risk_phase2_v1,2026-05-15,lightgbm_regressor,alpha158_qlib_return_phase4_v1,,,,,,,,,,,,,,,,,,,,,,,,,,,,,,,,,,,,,,,,,,,,,,,,,,,,,,,"[""phase4_top""]",35.0,False,4.22,1
2026-05-15,29,"=""001337""",四川黄金,-4.6933,phase4_top,,,False,,,48.78,78.31,98.59,80.19,33.09,5.23,22.49,above_signal,bottom_divergence,none,False,True,,2026-04-28,False,False,2.1303,1.7207,0.8191,2.8363,51.3837,48.5474,59.8926,62.7289,中等波动,1,37.56,96.62,113.1892,113.1892,7.0,2026-05-15,logistic_regression,tail_risk_phase1_v1,2026-05-15,lightgbm_classifier,barrier_risk_phase2_v1,2026-05-15,lightgbm_regressor,alpha158_qlib_return_phase4_v1,,,,,,,,,,,,,,,,,,,,,,,,,,,,,,,,,,,,,,,,,,,,,,,,,,,,,,,"[""phase4_top""]",221.0,False,54.22,1
2026-05-15,30,"=""600547""",山东黄金,-5.0313,phase4_top,有色金属-贵金属,国企改革/数字经济/证金持股/黄金概念,False,,,52.09,70.71,99.77,75.58,26.38,4.43,26.54,dead_cross,none,none,False,False,,,False,False,-1.7812,-1.6656,-0.2311,1.4139,30.4861,29.0722,34.7278,36.1417,中等波动,1,44.18,81.42,113.0748,113.0748,8.0,2026-05-15,logistic_regression,tail_risk_phase1_v1,2026-05-15,lightgbm_classifier,barrier_risk_phase2_v1,2026-05-15,lightgbm_regressor,alpha158_qlib_return_phase4_v1,,,,,,,,,,,,,,,,,,,,,,,,,,,,,,,,,,,,,,,,,,,,,,,,,,,,,,,"[""phase4_top""]",368.0,False,31.9,1
2026-05-15,31,"=""002829""",星网宇达,-2.3735,phase4_top,国防军工-航天装备Ⅱ,专精特新/人工智能/人形机器人/传感器/低空经济/光纤概念/军工/军工信息化/军民融合/卫星导航/商业航天/安防/小米概念/小米汽车/数字孪生/新能源汽车/无人机/无人驾驶/智能物流/机器人概念/海工装备/百度概念,False,,,61.4,85.0,96.75,65.6,27.76,4.24,27.78,above_signal,bottom_divergence,none,False,True,,2026-04-30,False,False,-0.1846,-0.2132,0.0572,0.9232,20.8768,19.9535,23.6465,24.5697,中等波动,0,62.8,90.0,112.574,112.574,9.0,2026-05-15,logistic_regression,tail_risk_phase1_v1,2026-05-15,lightgbm_classifier,barrier_risk_phase2_v1,2026-05-15,lightgbm_regressor,alpha158_qlib_return_phase4_v1,,,,,,,,,,,,,,,,,,,,,,,,,,,,,,,,,,,,,,,,,,,,,,,,,,,,,,,"[""phase4_top""]",768.0,False,21.8,1
2026-05-15,32,"=""603585""",苏利股份,-1.0343,phase4_top,,,False,,,99.4,94.81,98.73,89.65,8.61,4.82,24.43,below_signal,none,none,False,False,,,False,False,-1.0416,-0.7801,-0.5231,0.8756,17.3044,16.4287,19.9313,20.8069,中等波动,0,61.2,70.38,112.0716,112.0716,10.0,2026-05-15,logistic_regression,tail_risk_phase1_v1,2026-05-15,lightgbm_classifier,barrier_risk_phase2_v1,2026-05-15,lightgbm_regressor,alpha158_qlib_return_phase4_v1,,,,,,,,,,,,,,,,,,,,,,,,,,,,,,,,,,,,,,,,,,,,,,,,,,,,,,,"[""phase4_top""]",58.0,False,18.18,1
2026-05-15,33,"=""002235""",安妮股份,-2.0035,phase4_top,轻工制造-造纸,NFT概念/Web3.0/体育产业/区块链/数据确权/数据要素/文化传媒概念/比亚迪概念/海峡两岸/物业管理/独角兽概念/知识产权保护/福建自贸区/网络安全/股权转让(并购重组)/蚂蚁集团概念,False,,,47.3,77.47,97.86,97.4,2.29,5.07,23.21,above_signal,none,none,False,False,,,False,False,0.4761,0.3664,0.2193,0.5702,10.6798,10.1096,12.3904,12.9606,中等波动,1,34.6,94.94,112.0208,112.0208,11.0,2026-05-15,logistic_regression,tail_risk_phase1_v1,2026-05-15,lightgbm_classifier,barrier_risk_phase2_v1,2026-05-15,lightgbm_regressor,alpha158_qlib_return_phase4_v1,,,,,,,,,,,,,,,,,,,,,,,,,,,,,,,,,,,,,,,,,,,,,,,,,,,,,,,"[""phase4_top""]",4.0,True,11.25,1
2026-05-15,34,"=""600399""",抚顺特钢,-1.5152,phase4_top,钢铁-特钢Ⅱ,军工/商业航天/回购增持再贷款概念/大飞机/核电/特钢概念/航空发动机,False,,,82.09,75.76,93.34,71.55,23.66,3.5,33.61,dead_cross,bottom_divergence,none,False,True,,2026-05-06,False,False,-0.1852,-0.162,-0.0464,0.182,5.018,4.836,5.564,5.746,中等波动,0,95.82,91.52,111.988,111.988,12.0,2026-05-15,logistic_regression,tail_risk_phase1_v1,2026-05-15,lightgbm_classifier,barrier_risk_phase2_v1,2026-05-15,lightgbm_regressor,alpha158_qlib_return_phase4_v1,,,,,,,,,,,,,,,,,,,,,,,,,,,,,,,,,,,,,,,,,,,,,,,,,,,,,,,"[""phase4_top""]",503.0,False,5.2,1
2026-05-15,35,"=""000603""",盛达资源,-6.4387,phase4_top,有色金属-工业金属,小金属概念/文化传媒概念/金属铅/金属铜/金属锌/金属镍/黄金概念,False,,,54.03,70.14,98.36,88.24,8.45,5.55,21.21,dead_cross,bottom_divergence,none,False,True,,2026-05-06,False,False,-0.9532,-0.8558,-0.1949,1.9422,33.0778,31.1356,38.9044,40.8466,中等波动,1,48.06,80.28,111.8384,111.8384,13.0,2026-05-15,logistic_regression,tail_risk_phase1_v1,2026-05-15,lightgbm_classifier,barrier_risk_phase2_v1,2026-05-15,lightgbm_regressor,alpha158_qlib_return_phase4_v1,,,,,,,,,,,,,,,,,,,,,,,,,,,,,,,,,,,,,,,,,,,,,,,,,,,,,,,"[""phase4_top""]",80.0,False,35.02,1
2026-05-15,36,"=""002416""",爱施德,-2.7259,phase4_top,商贸零售-专业连锁Ⅱ,AI智能体/东数西算(算力)/互联网金融/人工智能/储能/创投/区块链/参股保险/新能源汽车/消费电子概念/物联网/算力租赁/粤港澳大湾区/苹果概念/虚拟现实/锂电池概念/阿里巴巴概念/高股息精选,False,,,49.11,74.86,97.69,92.18,5.08,3.84,30.61,below_signal,none,none,False,False,,,False,False,-0.0269,0.101,-0.2558,0.48,12.01,11.5301,13.4499,13.9299,中等波动,0,38.22,89.72,111.514,111.514,14.0,2026-05-15,logistic_regression,tail_risk_phase1_v1,2026-05-15,lightgbm_classifier,barrier_risk_phase2_v1,2026-05-15,lightgbm_regressor,alpha158_qlib_return_phase4_v1,,,,,,,,,,,,,,,,,,,,,,,,,,,,,,,,,,,,,,,,,,,,,,,,,,,,,,,"[""phase4_top""]",33.0,False,12.49,1
2026-05-15,37,"=""603358""",华达科技,-2.9619,phase4_top,汽车-汽车零部件,一体化压铸/中芯国际概念/人形机器人/低空经济/宁德时代概念/新能源汽车/特斯拉概念/飞行汽车(eVTOL),False,,,95.51,69.87,96.39,66.21,28.56,5.44,21.62,above_signal,bottom_divergence,none,False,True,,2026-05-07,False,False,-0.7542,-1.227,0.9456,1.8723,32.5277,30.6554,38.1446,40.0168,中等波动,1,68.98,79.74,111.4772,111.4772,15.0,2026-05-15,logistic_regression,tail_risk_phase1_v1,2026-05-15,lightgbm_classifier,barrier_risk_phase2_v1,2026-05-15,lightgbm_regressor,alpha158_qlib_return_phase4_v1,,,,,,,,,,,,,,,,,,,,,,,,,,,,,,,,,,,,,,,,,,,,,,,,,,,,,,,"[""phase4_top""]",735.0,False,34.4,1
2026-05-15,38,"=""605162""",新中港,-1.9896,phase4_top,,储能/碳中和/碳交易/绿色电力/虚拟电厂,False,,,73.85,70.27,94.71,78.32,18.75,6.48,18.15,below_signal,top_divergence,bearish,True,False,2026-05-15,,False,True,-0.1743,-0.0331,-0.2824,0.7343,10.5957,9.8615,12.7985,13.5328,高波动,0,87.7,80.54,111.3908,111.3908,16.0,2026-05-15,logistic_regression,tail_risk_phase1_v1,2026-05-15,lightgbm_classifier,barrier_risk_phase2_v1,2026-05-15,lightgbm_regressor,alpha158_qlib_return_phase4_v1,,,,,,,,,,,,,,,,,,,,,,,,,,,,,,,,,,,,,,,,,,,,,,,,,,,,,,,"[""phase4_top""]",274.0,False,11.33,1
2026-05-15,39,"=""002792""",通宇通讯,-1.4466,phase4_top,通信-通信设备,5G/6G概念/F5G概念/WiFi 6/一带一路/中俄贸易概念/乡村振兴/人工智能/低空经济/储能/共封装光学(CPO)/华为概念/华为汽车/卫星导航/商业航天/换电概念/数字乡村/无人驾驶/毫米波雷达/汽车电子/消费电子概念/粤港澳大湾区/虚拟电厂/铜缆高速连接,False,,,45.43,84.77,97.76,92.42,8.6,6.69,17.58,above_signal,none,none,False,False,,,False,False,1.2322,1.1608,0.1429,3.2362,45.1338,41.8976,54.8424,58.0785,高波动,0,30.86,90.46,111.084,111.084,17.0,2026-05-15,logistic_regression,tail_risk_phase1_v1,2026-05-15,lightgbm_classifier,barrier_risk_phase2_v1,2026-05-15,lightgbm_regressor,alpha158_qlib_return_phase4_v1,,,,,,,,,,,,,,,,,,,,,,,,,,,,,,,,,,,,,,,,,,,,,,,,,,,,,,,"[""phase4_top""]",27.0,False,48.37,1
2026-05-15,40,"=""603232""",格尔软件,-0.3145,phase4_top,计算机-软件开发,,False,,,96.12,67.93,96.49,93.43,3.26,3.94,29.9,above_signal,bottom_divergence,none,False,True,,2026-05-06,False,False,-0.3533,-0.4979,0.2892,0.7485,18.2715,17.5231,20.5169,21.2654,中等波动,0,67.76,75.86,111.014,111.014,18.0,2026-05-15,logistic_regression,tail_risk_phase1_v1,2026-05-15,lightgbm_classifier,barrier_risk_phase2_v1,2026-05-15,lightgbm_regressor,alpha158_qlib_return_phase4_v1,,,,,,,,,,,,,,,,,,,,,,,,,,,,,,,,,,,,,,,,,,,,,,,,,,,,,,,"[""phase4_top""]",18.0,False,19.02,1
2026-05-15,41,"=""002970""",锐明技术,-2.1299,phase4_top,计算机-计算机设备,,False,,,80.58,77.4,91.7,49.64,36.68,5.82,20.2,above_signal,none,none,False,False,,,False,False,2.762,2.0251,1.4737,4.2816,69.2384,64.9567,82.0833,86.3649,中等波动,0,98.84,94.8,110.9832,110.9832,19.0,2026-05-15,logistic_regression,tail_risk_phase1_v1,2026-05-15,lightgbm_classifier,barrier_risk_phase2_v1,2026-05-15,lightgbm_regressor,alpha158_qlib_return_phase4_v1,,,,,,,,,,,,,,,,,,,,,,,,,,,,,,,,,,,,,,,,,,,,,,,,,,,,,,,"[""phase4_top""]",1505.0,False,73.52,1
2026-05-15,42,"=""603995""",甬金股份,-0.4096,phase4_top,,专精特新/小金属概念/特钢概念,False,,,65.65,76.57,94.04,71.37,30.36,2.62,40.0,above_signal,none,bearish,False,False,,,False,True,0.4276,0.4098,0.0357,0.5102,18.9398,18.4297,20.4703,20.9805,低波动,0,71.3,93.14,110.9208,110.9208,20.0,2026-05-15,logistic_regression,tail_risk_phase1_v1,2026-05-15,lightgbm_classifier,barrier_risk_phase2_v1,2026-05-15,lightgbm_regressor,alpha158_qlib_return_phase4_v1,,,,,,,,,,,,,,,,,,,,,,,,,,,,,,,,,,,,,,,,,,,,,,,,,,,,,,,"[""phase4_top""]",509.0,False,19.45,1
