交易日期,序号,板块类型,板块名称,板块代码,当日涨幅%,成交额加权涨幅%,上涨家数占比,长期主线指数,长期主线排名,短期主线指数,短期主线Top10排名,P9买入分,P9Top10排名,P9排名,入选原因,龙头编号,龙头名称,龙头详细,成员数,有效成员数
2026-05-18,1,概念,铜缆高速连接,886073,1.4945,2.8726,0.6429,97.93,1,69.67,,29.87,,15,长期主线,601869/600869/002792,长飞光纤/远东股份/通宇通讯,"[{""symbol"": ""601869"", ""name"": ""长飞光纤"", ""leader_score"": 92.0, ""combined_leader_score"": 91.94, ""leader_type"": ""long_term"", ""leader_tags"": ""双重龙头/长期核心候选/波段活跃候选""}, {""symbol"": ""600869"", ""name"": ""远东股份"", ""leader_score"": 78.74, ""combined_leader_score"": 78.46, ""leader_type"": ""swing"", ""leader_tags"": ""双重龙头/长期核心候选/波段活跃候选""}, {""symbol"": ""002792"", ""name"": ""通宇通讯"", ""leader_score"": 75.25, ""combined_leader_score"": 71.01, ""leader_type"": ""swing"", ""leader_tags"": ""双重龙头/波段活跃候选""}]",14,14
2026-05-18,2,概念,新型烟草(电子烟),885899,-0.5259,-0.2331,0.3125,96.65,2,42.94,,27.36,,33,长期主线,603626/002975/002957,科森科技/博杰股份/科瑞技术,"[{""symbol"": ""603626"", ""name"": ""科森科技"", ""leader_score"": 85.94, ""combined_leader_score"": 81.52, ""leader_type"": ""swing"", ""leader_tags"": ""双重龙头/长期核心候选/波段活跃候选""}, {""symbol"": ""002975"", ""name"": ""博杰股份"", ""leader_score"": 80.07, ""combined_leader_score"": 77.22, ""leader_type"": ""long_term"", ""leader_tags"": ""双重龙头/长期核心候选/波段活跃候选""}, {""symbol"": ""002957"", ""name"": ""科瑞技术"", ""leader_score"": 82.06, ""combined_leader_score"": 76.86, ""leader_type"": ""swing"", ""leader_tags"": ""双重龙头/长期核心候选/波段活跃候选""}]",16,16
2026-05-18,3,概念,光纤概念,886084,1.2763,2.9396,0.6667,95.66,3,70.13,,31.62,,12,长期主线,600105/601869/002384,永鼎股份/长飞光纤/东山精密,"[{""symbol"": ""600105"", ""name"": ""永鼎股份"", ""leader_score"": 90.36, ""combined_leader_score"": 87.9, ""leader_type"": ""long_term"", ""leader_tags"": ""双重龙头/长期核心候选/波段活跃候选""}, {""symbol"": ""601869"", ""name"": ""长飞光纤"", ""leader_score"": 89.31, ""combined_leader_score"": 85.25, ""leader_type"": ""long_term"", ""leader_tags"": ""双重龙头/长期核心候选/波段活跃候选""}, {""symbol"": ""002384"", ""name"": ""东山精密"", ""leader_score"": 94.84, ""combined_leader_score"": 84.53, ""leader_type"": ""long_term"", ""leader_tags"": ""双重龙头/长期核心候选/波段活跃候选""}]",33,33
2026-05-18,4,行业,通信-通信设备,通信-通信设备,1.7074,4.063,0.6333,94.97,4,67.14,,34.38,4.0,4,长期主线/P9高买入分,601869/600105/002491,长飞光纤/永鼎股份/通鼎互联,"[{""symbol"": ""601869"", ""name"": ""长飞光纤"", ""leader_score"": 90.83, ""combined_leader_score"": 87.16, ""leader_type"": ""long_term"", ""leader_tags"": ""双重龙头/长期核心候选/波段活跃候选""}, {""symbol"": ""600105"", ""name"": ""永鼎股份"", ""leader_score"": 93.34, ""combined_leader_score"": 83.66, ""leader_type"": ""long_term"", ""leader_tags"": ""双重龙头/长期核心候选/波段活跃候选""}, {""symbol"": ""002491"", ""name"": ""通鼎互联"", ""leader_score"": 81.34, ""combined_leader_score"": 78.8, ""leader_type"": ""long_term"", ""leader_tags"": ""双重龙头/长期核心候选/波段活跃候选""}]",30,30
2026-05-18,5,行业,建筑装饰-装修装饰Ⅱ,建筑装饰-装修装饰Ⅱ,-1.7641,-5.6588,0.1667,94.36,5,35.26,,15.78,,161,长期主线,600234/605178/605289,科新发展/时空科技/罗曼股份,"[{""symbol"": ""600234"", ""name"": ""科新发展"", ""leader_score"": 95.04, ""combined_leader_score"": 83.72, ""leader_type"": ""swing"", ""leader_tags"": ""双重龙头/长期核心候选/波段活跃候选""}, {""symbol"": ""605178"", ""name"": ""时空科技"", ""leader_score"": 82.03, ""combined_leader_score"": 79.41, ""leader_type"": ""swing"", ""leader_tags"": ""双重龙头/长期核心候选/波段活跃候选""}, {""symbol"": ""605289"", ""name"": ""罗曼股份"", ""leader_score"": 80.64, ""combined_leader_score"": 79.3, ""leader_type"": ""long_term"", ""leader_tags"": ""双重龙头/长期核心候选/波段活跃候选""}]",12,12
2026-05-18,6,行业,电子-电子化学品Ⅱ,电子-电子化学品Ⅱ,2.8228,2.1558,0.5714,93.83,6,76.14,4.0,28.25,,23,长期主线/短期主线,603256/603115/600330,宏和科技/海星股份/天通股份,"[{""symbol"": ""603256"", ""name"": ""宏和科技"", ""leader_score"": 93.12, ""combined_leader_score"": 89.53, ""leader_type"": ""swing"", ""leader_tags"": ""双重龙头/长期核心候选/波段活跃候选""}, {""symbol"": ""603115"", ""name"": ""海星股份"", ""leader_score"": 80.64, ""combined_leader_score"": 77.03, ""leader_type"": ""swing"", ""leader_tags"": ""双重龙头/长期核心候选/波段活跃候选""}, {""symbol"": ""600330"", ""name"": ""天通股份"", ""leader_score"": 78.76, ""combined_leader_score"": 74.04, ""leader_type"": ""swing"", ""leader_tags"": ""双重龙头/长期核心候选/波段活跃候选""}]",7,7
2026-05-18,7,概念,共封装光学(CPO),886033,1.504,2.6596,0.6613,93.17,7,73.66,7.0,23.0,,91,长期主线/短期主线,600105/002384/601869,永鼎股份/东山精密/长飞光纤,"[{""symbol"": ""600105"", ""name"": ""永鼎股份"", ""leader_score"": 91.23, ""combined_leader_score"": 84.26, ""leader_type"": ""long_term"", ""leader_tags"": ""双重龙头/长期核心候选/波段活跃候选""}, {""symbol"": ""002384"", ""name"": ""东山精密"", ""leader_score"": 93.93, ""combined_leader_score"": 84.24, ""leader_type"": ""long_term"", ""leader_tags"": ""双重龙头/长期核心候选/波段活跃候选""}, {""symbol"": ""601869"", ""name"": ""长飞光纤"", ""leader_score"": 87.4, ""combined_leader_score"": 83.67, ""leader_type"": ""long_term"", ""leader_tags"": ""双重龙头/长期核心候选/波段活跃候选""}]",62,62
2026-05-18,8,概念,PET铜箔,886020,-0.4076,3.7875,0.35,92.25,8,49.37,,28.32,,22,长期主线,601208/600869/603773,东材科技/远东股份/沃格光电,"[{""symbol"": ""601208"", ""name"": ""东材科技"", ""leader_score"": 92.84, ""combined_leader_score"": 85.16, ""leader_type"": ""long_term"", ""leader_tags"": ""双重龙头/长期核心候选/波段活跃候选""}, {""symbol"": ""600869"", ""name"": ""远东股份"", ""leader_score"": 82.13, ""combined_leader_score"": 77.41, ""leader_type"": ""long_term"", ""leader_tags"": ""双重龙头/长期核心候选/波段活跃候选""}, {""symbol"": ""603773"", ""name"": ""沃格光电"", ""leader_score"": 76.32, ""combined_leader_score"": 71.96, ""leader_type"": ""swing"", ""leader_tags"": ""双重龙头/波段活跃候选""}]",20,20
2026-05-18,9,概念,超导概念,886038,1.0454,4.3551,0.5455,92.24,9,59.93,,28.95,,18,长期主线,600105/002149/000811,永鼎股份/西部材料/冰轮环境,"[{""symbol"": ""600105"", ""name"": ""永鼎股份"", ""leader_score"": 94.35, ""combined_leader_score"": 91.16, ""leader_type"": ""long_term"", ""leader_tags"": ""双重龙头/长期核心候选/波段活跃候选""}, {""symbol"": ""002149"", ""name"": ""西部材料"", ""leader_score"": 88.08, ""combined_leader_score"": 87.28, ""leader_type"": ""long_term"", ""leader_tags"": ""双重龙头/长期核心候选/波段活跃候选""}, {""symbol"": ""000811"", ""name"": ""冰轮环境"", ""leader_score"": 78.5, ""combined_leader_score"": 77.53, ""leader_type"": ""long_term"", ""leader_tags"": ""双重龙头/长期核心候选/波段活跃候选""}]",22,22
2026-05-18,10,概念,第三代半导体,885908,0.1148,1.3273,0.5455,92.01,10,66.1,,24.8,,59,长期主线,601869/002428/002046,长飞光纤/云南锗业/国机精工,"[{""symbol"": ""601869"", ""name"": ""长飞光纤"", ""leader_score"": 89.93, ""combined_leader_score"": 85.0, ""leader_type"": ""long_term"", ""leader_tags"": ""双重龙头/长期核心候选/波段活跃候选""}, {""symbol"": ""002428"", ""name"": ""云南锗业"", ""leader_score"": 83.9, ""combined_leader_score"": 80.87, ""leader_type"": ""long_term"", ""leader_tags"": ""双重龙头/长期核心候选/波段活跃候选""}, {""symbol"": ""002046"", ""name"": ""国机精工"", ""leader_score"": 82.58, ""combined_leader_score"": 78.39, ""leader_type"": ""long_term"", ""leader_tags"": ""双重龙头/长期核心候选/波段活跃候选""}]",44,44
2026-05-18,11,概念,F5G概念,885998,0.4615,1.5028,0.4286,91.99,11,50.21,,27.37,,32,长期主线,603083/600487/002792,剑桥科技/亨通光电/通宇通讯,"[{""symbol"": ""603083"", ""name"": ""剑桥科技"", ""leader_score"": 90.88, ""combined_leader_score"": 87.1, ""leader_type"": ""swing"", ""leader_tags"": ""双重龙头/长期核心候选/波段活跃候选""}, {""symbol"": ""600487"", ""name"": ""亨通光电"", ""leader_score"": 90.77, ""combined_leader_score"": 84.09, ""leader_type"": ""long_term"", ""leader_tags"": ""双重龙头/长期核心候选/波段活跃候选""}, {""symbol"": ""002792"", ""name"": ""通宇通讯"", ""leader_score"": 86.86, ""combined_leader_score"": 78.22, ""leader_type"": ""swing"", ""leader_tags"": ""双重龙头/长期核心候选/波段活跃候选""}]",14,14
2026-05-18,12,概念,存储芯片,886042,1.8389,3.1782,0.6444,91.65,12,78.06,3.0,22.51,,95,长期主线/短期主线,001309/600183/603316,德明利/生益科技/诚邦股份,"[{""symbol"": ""001309"", ""name"": ""德明利"", ""leader_score"": 89.89, ""combined_leader_score"": 87.75, ""leader_type"": ""long_term"", ""leader_tags"": ""双重龙头/长期核心候选/波段活跃候选""}, {""symbol"": ""600183"", ""name"": ""生益科技"", ""leader_score"": 92.07, ""combined_leader_score"": 85.65, ""leader_type"": ""long_term"", ""leader_tags"": ""双重龙头/长期核心候选/波段活跃候选""}, {""symbol"": ""603316"", ""name"": ""诚邦股份"", ""leader_score"": 73.15, ""combined_leader_score"": 72.4, ""leader_type"": ""long_term"", ""leader_tags"": ""双重龙头/长期核心候选/波段活跃候选""}]",45,45
2026-05-18,13,概念,芯片概念,885756,0.5524,2.0447,0.5263,91.54,13,58.19,,25.81,,51,长期主线,600105/603256/001309,永鼎股份/宏和科技/德明利,"[{""symbol"": ""600105"", ""name"": ""永鼎股份"", ""leader_score"": 94.65, ""combined_leader_score"": 85.91, ""leader_type"": ""long_term"", ""leader_tags"": ""双重龙头/长期核心候选/波段活跃候选""}, {""symbol"": ""603256"", ""name"": ""宏和科技"", ""leader_score"": 90.03, ""combined_leader_score"": 84.85, ""leader_type"": ""long_term"", ""leader_tags"": ""波段先锋/长期核心候选/波段活跃候选""}, {""symbol"": ""001309"", ""name"": ""德明利"", ""leader_score"": 90.46, ""combined_leader_score"": 84.43, ""leader_type"": ""long_term"", ""leader_tags"": ""波段先锋/长期核心候选/波段活跃候选""}]",266,266
2026-05-18,14,概念,富士康概念,885786,0.6989,2.0575,0.5455,91.29,14,66.59,,24.65,,63,长期主线,603626/002975/002979,科森科技/博杰股份/雷赛智能,"[{""symbol"": ""603626"", ""name"": ""科森科技"", ""leader_score"": 85.6, ""combined_leader_score"": 83.58, ""leader_type"": ""swing"", ""leader_tags"": ""双重龙头/长期核心候选/波段活跃候选""}, {""symbol"": ""002975"", ""name"": ""博杰股份"", ""leader_score"": 80.11, ""combined_leader_score"": 79.52, ""leader_type"": ""long_term"", ""leader_tags"": ""双重龙头/长期核心候选/波段活跃候选""}, {""symbol"": ""002979"", ""name"": ""雷赛智能"", ""leader_score"": 75.61, ""combined_leader_score"": 72.67, ""leader_type"": ""long_term"", ""leader_tags"": ""双重龙头/长期核心候选""}]",33,33
2026-05-18,15,概念,PCB概念,885959,0.7462,3.2591,0.5,91.24,15,63.98,,23.75,,80,长期主线,603256/002384/600601,宏和科技/东山精密/方正科技,"[{""symbol"": ""603256"", ""name"": ""宏和科技"", ""leader_score"": 88.66, ""combined_leader_score"": 88.29, ""leader_type"": ""long_term"", ""leader_tags"": ""双重龙头/长期核心候选/波段活跃候选""}, {""symbol"": ""002384"", ""name"": ""东山精密"", ""leader_score"": 93.53, ""combined_leader_score"": 82.44, ""leader_type"": ""long_term"", ""leader_tags"": ""双重龙头/长期核心候选""}, {""symbol"": ""600601"", ""name"": ""方正科技"", ""leader_score"": 79.08, ""combined_leader_score"": 76.63, ""leader_type"": ""long_term"", ""leader_tags"": ""波段先锋/长期核心候选/波段活跃候选""}]",56,56
2026-05-18,16,概念,太赫兹,886043,1.8623,3.7204,0.8182,91.24,16,44.44,,34.27,5.0,5,长期主线/P9高买入分,601869/600487/002413,长飞光纤/亨通光电/雷科防务,"[{""symbol"": ""601869"", ""name"": ""长飞光纤"", ""leader_score"": 93.44, ""combined_leader_score"": 91.88, ""leader_type"": ""swing"", ""leader_tags"": ""双重龙头/长期核心候选/波段活跃候选""}, {""symbol"": ""600487"", ""name"": ""亨通光电"", ""leader_score"": 90.7, ""combined_leader_score"": 84.85, ""leader_type"": ""long_term"", ""leader_tags"": ""双重龙头/长期核心候选/波段活跃候选""}, {""symbol"": ""002413"", ""name"": ""雷科防务"", ""leader_score"": 80.54, ""combined_leader_score"": 69.96, ""leader_type"": ""swing"", ""leader_tags"": ""双重龙头/波段活跃候选""}]",11,11
2026-05-18,17,行业,电子-其他电子Ⅱ,电子-其他电子Ⅱ,0.3531,0.5795,0.5556,90.87,17,61.04,,26.34,,43,长期主线,002885/000062/600353,京泉华/深圳华强/旭光电子,"[{""symbol"": ""002885"", ""name"": ""京泉华"", ""leader_score"": 83.12, ""combined_leader_score"": 82.03, ""leader_type"": ""long_term"", ""leader_tags"": ""双重龙头/长期核心候选/波段活跃候选""}, {""symbol"": ""000062"", ""name"": ""深圳华强"", ""leader_score"": 90.12, ""combined_leader_score"": 75.17, ""leader_type"": ""swing"", ""leader_tags"": ""双重龙头/波段活跃候选""}, {""symbol"": ""600353"", ""name"": ""旭光电子"", ""leader_score"": 77.03, ""combined_leader_score"": 70.38, ""leader_type"": ""swing"", ""leader_tags"": ""双重龙头/波段活跃候选""}]",9,9
2026-05-18,18,行业,基础化工-塑料,基础化工-塑料,-0.3837,0.6335,0.3182,90.8,18,36.68,,27.46,,30,长期主线,601208/002361/605488,东材科技/神剑股份/福莱新材,"[{""symbol"": ""601208"", ""name"": ""东材科技"", ""leader_score"": 92.6, ""combined_leader_score"": 86.13, ""leader_type"": ""long_term"", ""leader_tags"": ""双重龙头/长期核心候选/波段活跃候选""}, {""symbol"": ""002361"", ""name"": ""神剑股份"", ""leader_score"": 90.25, ""combined_leader_score"": 85.18, ""leader_type"": ""long_term"", ""leader_tags"": ""双重龙头/长期核心候选/波段活跃候选""}, {""symbol"": ""605488"", ""name"": ""福莱新材"", ""leader_score"": 74.48, ""combined_leader_score"": 71.33, ""leader_type"": ""swing"", ""leader_tags"": ""双重龙头/波段活跃候选""}]",22,22
2026-05-18,19,概念,超级电容,885886,2.0977,5.2422,0.6,90.08,19,72.4,10.0,30.17,,13,长期主线/短期主线,000962/002851/002484,东方钽业/麦格米特/江海股份,"[{""symbol"": ""000962"", ""name"": ""东方钽业"", ""leader_score"": 87.97, ""combined_leader_score"": 83.33, ""leader_type"": ""swing"", ""leader_tags"": ""双重龙头/长期核心候选/波段活跃候选""}, {""symbol"": ""002851"", ""name"": ""麦格米特"", ""leader_score"": 83.08, ""combined_leader_score"": 83.02, ""leader_type"": ""swing"", ""leader_tags"": ""双重龙头/长期核心候选/波段活跃候选""}, {""symbol"": ""002484"", ""name"": ""江海股份"", ""leader_score"": 87.34, ""combined_leader_score"": 81.39, ""leader_type"": ""swing"", ""leader_tags"": ""双重龙头/长期核心候选/波段活跃候选""}]",20,20
2026-05-18,20,概念,WiFi 6,885940,1.2023,0.8227,0.6471,90.04,20,51.92,,33.89,6.0,6,长期主线/P9高买入分,603083/600498/002213,剑桥科技/烽火通信/大为股份,"[{""symbol"": ""603083"", ""name"": ""剑桥科技"", ""leader_score"": 88.91, ""combined_leader_score"": 85.95, ""leader_type"": ""long_term"", ""leader_tags"": ""双重龙头/长期核心候选/波段活跃候选""}, {""symbol"": ""600498"", ""name"": ""烽火通信"", ""leader_score"": 80.31, ""combined_leader_score"": 75.93, ""leader_type"": ""long_term"", ""leader_tags"": ""长期核心/长期核心候选/波段活跃候选""}, {""symbol"": ""002213"", ""name"": ""大为股份"", ""leader_score"": 84.21, ""combined_leader_score"": 75.88, ""leader_type"": ""swing"", ""leader_tags"": ""波段先锋/波段活跃候选""}]",17,17
2026-05-18,21,概念,PEEK材料,886063,0.4122,0.2681,0.5238,89.99,21,55.15,,29.89,,14,长期主线,002838/002850/600176,道恩股份/科达利/中国巨石,"[{""symbol"": ""002838"", ""name"": ""道恩股份"", ""leader_score"": 85.11, ""combined_leader_score"": 83.26, ""leader_type"": ""swing"", ""leader_tags"": ""双重龙头/长期核心候选/波段活跃候选""}, {""symbol"": ""002850"", ""name"": ""科达利"", ""leader_score"": 70.85, ""combined_leader_score"": 70.56, ""leader_type"": ""long_term"", ""leader_tags"": ""双重龙头/长期核心候选/波段活跃候选""}, {""symbol"": ""600176"", ""name"": ""中国巨石"", ""leader_score"": 89.08, ""combined_leader_score"": 76.2, ""leader_type"": ""long_term"", ""leader_tags"": ""长期核心/长期核心候选""}]",21,21
2026-05-18,22,概念,专精特新,885929,0.0259,1.5991,0.4257,89.61,22,49.22,,25.95,,48,长期主线,603256/600105/601869,宏和科技/永鼎股份/长飞光纤,"[{""symbol"": ""603256"", ""name"": ""宏和科技"", ""leader_score"": 93.43, ""combined_leader_score"": 87.73, ""leader_type"": ""long_term"", ""leader_tags"": ""双重龙头/长期核心候选/波段活跃候选""}, {""symbol"": ""600105"", ""name"": ""永鼎股份"", ""leader_score"": 96.45, ""combined_leader_score"": 86.79, ""leader_type"": ""long_term"", ""leader_tags"": ""双重龙头/长期核心候选/波段活跃候选""}, {""symbol"": ""601869"", ""name"": ""长飞光纤"", ""leader_score"": 94.08, ""combined_leader_score"": 86.44, ""leader_type"": ""long_term"", ""leader_tags"": ""双重龙头/长期核心候选/波段活跃候选""}]",202,202
2026-05-18,23,概念,液冷服务器,886044,1.0184,1.8352,0.6049,89.0,23,64.16,,25.7,,53,长期主线,603083/003018/600487,剑桥科技/金富科技/亨通光电,"[{""symbol"": ""603083"", ""name"": ""剑桥科技"", ""leader_score"": 84.77, ""combined_leader_score"": 79.52, ""leader_type"": ""long_term"", ""leader_tags"": ""双重龙头/长期核心候选/波段活跃候选""}, {""symbol"": ""003018"", ""name"": ""金富科技"", ""leader_score"": 82.81, ""combined_leader_score"": 81.13, ""leader_type"": ""long_term"", ""leader_tags"": ""波段先锋/长期核心候选/波段活跃候选""}, {""symbol"": ""600487"", ""name"": ""亨通光电"", ""leader_score"": 89.97, ""combined_leader_score"": 80.79, ""leader_type"": ""long_term"", ""leader_tags"": ""长期核心/长期核心候选""}]",81,81
2026-05-18,24,概念,先进封装,886009,0.9167,2.7636,0.6667,88.88,24,75.17,6.0,24.72,,61,长期主线/短期主线,002916/600183/002436,深南电路/生益科技/兴森科技,"[{""symbol"": ""002916"", ""name"": ""深南电路"", ""leader_score"": 90.46, ""combined_leader_score"": 86.07, ""leader_type"": ""long_term"", ""leader_tags"": ""双重龙头/长期核心候选/波段活跃候选""}, {""symbol"": ""600183"", ""name"": ""生益科技"", ""leader_score"": 92.69, ""combined_leader_score"": 85.61, ""leader_type"": ""long_term"", ""leader_tags"": ""双重龙头/长期核心候选/波段活跃候选""}, {""symbol"": ""002436"", ""name"": ""兴森科技"", ""leader_score"": 82.71, ""combined_leader_score"": 80.56, ""leader_type"": ""swing"", ""leader_tags"": ""双重龙头/长期核心候选/波段活跃候选""}]",48,48
2026-05-18,25,概念,5G,885556,1.5513,2.5949,0.6667,88.84,25,65.57,,24.74,,60,长期主线,600105/603256/601869,永鼎股份/宏和科技/长飞光纤,"[{""symbol"": ""600105"", ""name"": ""永鼎股份"", ""leader_score"": 93.72, ""combined_leader_score"": 85.38, ""leader_type"": ""long_term"", ""leader_tags"": ""双重龙头/长期核心候选/波段活跃候选""}, {""symbol"": ""603256"", ""name"": ""宏和科技"", ""leader_score"": 90.28, ""combined_leader_score"": 85.28, ""leader_type"": ""long_term"", ""leader_tags"": ""波段先锋/长期核心候选/波段活跃候选""}, {""symbol"": ""601869"", ""name"": ""长飞光纤"", ""leader_score"": 91.64, ""combined_leader_score"": 83.82, ""leader_type"": ""long_term"", ""leader_tags"": ""长期核心/长期核心候选/波段活跃候选""}]",168,168
2026-05-18,26,概念,华为手机,886091,-0.0067,-0.5481,0.4118,88.37,26,39.28,,24.51,,65,长期主线,603256/603228/002273,宏和科技/景旺电子/水晶光电,"[{""symbol"": ""603256"", ""name"": ""宏和科技"", ""leader_score"": 91.89, ""combined_leader_score"": 90.37, ""leader_type"": ""swing"", ""leader_tags"": ""双重龙头/长期核心候选/波段活跃候选""}, {""symbol"": ""603228"", ""name"": ""景旺电子"", ""leader_score"": 87.93, ""combined_leader_score"": 83.99, ""leader_type"": ""long_term"", ""leader_tags"": ""双重龙头/长期核心候选/波段活跃候选""}, {""symbol"": ""002273"", ""name"": ""水晶光电"", ""leader_score"": 82.93, ""combined_leader_score"": 80.93, ""leader_type"": ""long_term"", ""leader_tags"": ""双重龙头/长期核心候选/波段活跃候选""}]",17,17
2026-05-18,27,概念,6G概念,886037,1.7078,3.6374,0.7297,88.37,27,65.38,,32.67,8.0,9,长期主线/P9高买入分,600487/600118/603228,亨通光电/中国卫星/景旺电子,"[{""symbol"": ""600487"", ""name"": ""亨通光电"", ""leader_score"": 97.39, ""combined_leader_score"": 86.15, ""leader_type"": ""long_term"", ""leader_tags"": ""双重龙头/长期核心候选/波段活跃候选""}, {""symbol"": ""600118"", ""name"": ""中国卫星"", ""leader_score"": 79.53, ""combined_leader_score"": 75.79, ""leader_type"": ""long_term"", ""leader_tags"": ""长期核心/长期核心候选/波段活跃候选""}, {""symbol"": ""603228"", ""name"": ""景旺电子"", ""leader_score"": 85.36, ""combined_leader_score"": 74.49, ""leader_type"": ""long_term"", ""leader_tags"": ""长期核心/长期核心候选""}]",37,37
2026-05-18,28,概念,苹果概念,885376,0.2013,0.9413,0.4783,87.99,28,53.38,,23.96,,75,长期主线,603256/002384/601208,宏和科技/东山精密/东材科技,"[{""symbol"": ""603256"", ""name"": ""宏和科技"", ""leader_score"": 89.16, ""combined_leader_score"": 86.0, ""leader_type"": ""long_term"", ""leader_tags"": ""双重龙头/长期核心候选/波段活跃候选""}, {""symbol"": ""002384"", ""name"": ""东山精密"", ""leader_score"": 93.64, ""combined_leader_score"": 84.79, ""leader_type"": ""long_term"", ""leader_tags"": ""双重龙头/长期核心候选/波段活跃候选""}, {""symbol"": ""601208"", ""name"": ""东材科技"", ""leader_score"": 88.24, ""combined_leader_score"": 79.98, ""leader_type"": ""long_term"", ""leader_tags"": ""长期核心/长期核心候选""}]",46,46
2026-05-18,29,概念,AI PC,886071,1.3614,1.7649,0.5789,87.06,29,62.45,,28.02,,25,长期主线,001309/603626/002947,德明利/科森科技/恒铭达,"[{""symbol"": ""001309"", ""name"": ""德明利"", ""leader_score"": 90.83, ""combined_leader_score"": 89.79, ""leader_type"": ""long_term"", ""leader_tags"": ""双重龙头/长期核心候选/波段活跃候选""}, {""symbol"": ""603626"", ""name"": ""科森科技"", ""leader_score"": 83.87, ""combined_leader_score"": 79.4, ""leader_type"": ""swing"", ""leader_tags"": ""双重龙头/长期核心候选/波段活跃候选""}, {""symbol"": ""002947"", ""name"": ""恒铭达"", ""leader_score"": 82.02, ""combined_leader_score"": 78.46, ""leader_type"": ""swing"", ""leader_tags"": ""双重龙头/长期核心候选/波段活跃候选""}]",19,19
2026-05-18,30,概念,中芯国际概念,885897,0.8486,1.1889,0.5806,86.83,30,72.68,9.0,27.3,,35,长期主线/短期主线,001309/000811/002046,德明利/冰轮环境/国机精工,"[{""symbol"": ""001309"", ""name"": ""德明利"", ""leader_score"": 90.13, ""combined_leader_score"": 89.11, ""leader_type"": ""long_term"", ""leader_tags"": ""双重龙头/长期核心候选/波段活跃候选""}, {""symbol"": ""000811"", ""name"": ""冰轮环境"", ""leader_score"": 82.7, ""combined_leader_score"": 82.61, ""leader_type"": ""long_term"", ""leader_tags"": ""双重龙头/长期核心候选/波段活跃候选""}, {""symbol"": ""002046"", ""name"": ""国机精工"", ""leader_score"": 82.38, ""combined_leader_score"": 78.29, ""leader_type"": ""long_term"", ""leader_tags"": ""双重龙头/长期核心候选/波段活跃候选""}]",31,31
2026-05-18,31,概念,MiniLED,885875,1.3304,4.5104,0.5417,86.43,31,67.22,,27.89,,27,长期主线,002384/600183/002429,东山精密/生益科技/兆驰股份,"[{""symbol"": ""002384"", ""name"": ""东山精密"", ""leader_score"": 95.32, ""combined_leader_score"": 94.82, ""leader_type"": ""long_term"", ""leader_tags"": ""双重龙头/长期核心候选/波段活跃候选""}, {""symbol"": ""600183"", ""name"": ""生益科技"", ""leader_score"": 91.95, ""combined_leader_score"": 88.23, ""leader_type"": ""long_term"", ""leader_tags"": ""双重龙头/长期核心候选/波段活跃候选""}, {""symbol"": ""002429"", ""name"": ""兆驰股份"", ""leader_score"": 79.02, ""combined_leader_score"": 77.09, ""leader_type"": ""long_term"", ""leader_tags"": ""双重龙头/长期核心候选/波段活跃候选""}]",24,24
2026-05-18,32,概念,特高压,885425,1.1714,3.0271,0.6786,86.35,32,61.76,,31.74,10.0,11,长期主线/P9高买入分,601869/600487/600869,长飞光纤/亨通光电/远东股份,"[{""symbol"": ""601869"", ""name"": ""长飞光纤"", ""leader_score"": 89.92, ""combined_leader_score"": 86.64, ""leader_type"": ""long_term"", ""leader_tags"": ""双重龙头/长期核心候选/波段活跃候选""}, {""symbol"": ""600487"", ""name"": ""亨通光电"", ""leader_score"": 93.84, ""combined_leader_score"": 86.47, ""leader_type"": ""long_term"", ""leader_tags"": ""双重龙头/长期核心候选/波段活跃候选""}, {""symbol"": ""600869"", ""name"": ""远东股份"", ""leader_score"": 83.84, ""combined_leader_score"": 82.45, ""leader_type"": ""swing"", ""leader_tags"": ""波段先锋/长期核心候选/波段活跃候选""}]",56,56
2026-05-18,33,概念,海工装备,885426,0.0376,1.533,0.4298,86.24,33,34.16,,21.29,,113,长期主线,600105/002149/601869,永鼎股份/西部材料/长飞光纤,"[{""symbol"": ""600105"", ""name"": ""永鼎股份"", ""leader_score"": 94.86, ""combined_leader_score"": 87.31, ""leader_type"": ""long_term"", ""leader_tags"": ""双重龙头/长期核心候选/波段活跃候选""}, {""symbol"": ""002149"", ""name"": ""西部材料"", ""leader_score"": 88.03, ""combined_leader_score"": 84.28, ""leader_type"": ""long_term"", ""leader_tags"": ""双重龙头/长期核心候选/波段活跃候选""}, {""symbol"": ""601869"", ""name"": ""长飞光纤"", ""leader_score"": 90.94, ""combined_leader_score"": 83.66, ""leader_type"": ""long_term"", ""leader_tags"": ""双重龙头/长期核心候选/波段活跃候选""}]",121,121
2026-05-18,34,概念,英伟达概念,886048,0.4758,1.0983,0.5385,86.1,34,56.31,,28.35,,21,长期主线,002837/002851/603629,英维克/麦格米特/利通电子,"[{""symbol"": ""002837"", ""name"": ""英维克"", ""leader_score"": 88.4, ""combined_leader_score"": 82.01, ""leader_type"": ""long_term"", ""leader_tags"": ""双重龙头/长期核心候选/波段活跃候选""}, {""symbol"": ""002851"", ""name"": ""麦格米特"", ""leader_score"": 83.12, ""combined_leader_score"": 79.94, ""leader_type"": ""long_term"", ""leader_tags"": ""双重龙头/长期核心候选/波段活跃候选""}, {""symbol"": ""603629"", ""name"": ""利通电子"", ""leader_score"": 81.04, ""combined_leader_score"": 79.78, ""leader_type"": ""swing"", ""leader_tags"": ""双重龙头/长期核心候选/波段活跃候选""}]",26,26
2026-05-18,35,概念,OLED,885738,0.778,1.9122,0.5918,85.85,35,69.08,,25.15,,54,长期主线,601208/603629/603920,东材科技/利通电子/世运电路,"[{""symbol"": ""601208"", ""name"": ""东材科技"", ""leader_score"": 87.53, ""combined_leader_score"": 85.11, ""leader_type"": ""long_term"", ""leader_tags"": ""双重龙头/长期核心候选/波段活跃候选""}, {""symbol"": ""603629"", ""name"": ""利通电子"", ""leader_score"": 87.76, ""combined_leader_score"": 82.15, ""leader_type"": ""long_term"", ""leader_tags"": ""双重龙头/长期核心候选/波段活跃候选""}, {""symbol"": ""603920"", ""name"": ""世运电路"", ""leader_score"": 84.32, ""combined_leader_score"": 80.05, ""leader_type"": ""long_term"", ""leader_tags"": ""双重龙头/长期核心候选/波段活跃候选""}]",49,49
2026-05-18,36,概念,光刻机,886054,0.999,2.0757,0.5833,85.7,36,65.83,,27.07,,36,长期主线,603773/600353/003031,沃格光电/旭光电子/中瓷电子,"[{""symbol"": ""603773"", ""name"": ""沃格光电"", ""leader_score"": 81.55, ""combined_leader_score"": 75.65, ""leader_type"": ""swing"", ""leader_tags"": ""双重龙头/长期核心候选/波段活跃候选""}, {""symbol"": ""600353"", ""name"": ""旭光电子"", ""leader_score"": 75.32, ""combined_leader_score"": 75.09, ""leader_type"": ""long_term"", ""leader_tags"": ""双重龙头/长期核心候选/波段活跃候选""}, {""symbol"": ""003031"", ""name"": ""中瓷电子"", ""leader_score"": 86.5, ""combined_leader_score"": 80.48, ""leader_type"": ""long_term"", ""leader_tags"": ""长期核心/长期核心候选/波段活跃候选""}]",12,12
2026-05-18,37,行业,电子-元件,电子-元件,3.3242,4.789,0.85,85.58,37,83.54,2.0,36.11,1.0,1,长期主线/短期主线/P9高买入分,002384/600183/002636,东山精密/生益科技/金安国纪,"[{""symbol"": ""002384"", ""name"": ""东山精密"", ""leader_score"": 93.17, ""combined_leader_score"": 89.21, ""leader_type"": ""long_term"", ""leader_tags"": ""双重龙头/长期核心候选/波段活跃候选""}, {""symbol"": ""600183"", ""name"": ""生益科技"", ""leader_score"": 84.06, ""combined_leader_score"": 80.22, ""leader_type"": ""long_term"", ""leader_tags"": ""双重龙头/长期核心候选/波段活跃候选""}, {""symbol"": ""002636"", ""name"": ""金安国纪"", ""leader_score"": 77.22, ""combined_leader_score"": 75.85, ""leader_type"": ""long_term"", ""leader_tags"": ""双重龙头/长期核心候选/波段活跃候选""}]",20,20
2026-05-18,38,概念,固态电池,886032,-0.3462,1.1514,0.3495,85.45,38,34.11,,21.44,,108,长期主线,002491/003036/603067,通鼎互联/泰坦股份/振华股份,"[{""symbol"": ""002491"", ""name"": ""通鼎互联"", ""leader_score"": 86.67, ""combined_leader_score"": 82.25, ""leader_type"": ""long_term"", ""leader_tags"": ""双重龙头/长期核心候选/波段活跃候选""}, {""symbol"": ""003036"", ""name"": ""泰坦股份"", ""leader_score"": 78.75, ""combined_leader_score"": 77.32, ""leader_type"": ""long_term"", ""leader_tags"": ""波段先锋/长期核心候选/波段活跃候选""}, {""symbol"": ""603067"", ""name"": ""振华股份"", ""leader_score"": 85.71, ""combined_leader_score"": 76.25, ""leader_type"": ""long_term"", ""leader_tags"": ""长期核心/长期核心候选""}]",103,103
2026-05-18,39,行业,电力设备-风电设备,电力设备-风电设备,0.6671,1.5139,0.5455,84.9,39,45.32,,35.62,2.0,2,长期主线/P9高买入分,002487/002202/603063,大金重工/金风科技/禾望电气,"[{""symbol"": ""002487"", ""name"": ""大金重工"", ""leader_score"": 90.75, ""combined_leader_score"": 85.38, ""leader_type"": ""long_term"", ""leader_tags"": ""双重龙头/长期核心候选/波段活跃候选""}, {""symbol"": ""002202"", ""name"": ""金风科技"", ""leader_score"": 82.55, ""combined_leader_score"": 82.11, ""leader_type"": ""swing"", ""leader_tags"": ""双重龙头/长期核心候选/波段活跃候选""}, {""symbol"": ""603063"", ""name"": ""禾望电气"", ""leader_score"": 93.75, ""combined_leader_score"": 77.11, ""leader_type"": ""swing"", ""leader_tags"": ""双重龙头/波段活跃候选""}]",11,11
2026-05-18,40,概念,AI手机,886070,1.6275,2.7377,0.7,84.72,40,70.03,,25.93,,50,长期主线,002384/002600/002273,东山精密/领益智造/水晶光电,"[{""symbol"": ""002384"", ""name"": ""东山精密"", ""leader_score"": 94.44, ""combined_leader_score"": 93.99, ""leader_type"": ""long_term"", ""leader_tags"": ""双重龙头/长期核心候选/波段活跃候选""}, {""symbol"": ""002600"", ""name"": ""领益智造"", ""leader_score"": 84.04, ""combined_leader_score"": 80.35, ""leader_type"": ""swing"", ""leader_tags"": ""双重龙头/长期核心候选/波段活跃候选""}, {""symbol"": ""002273"", ""name"": ""水晶光电"", ""leader_score"": 84.58, ""combined_leader_score"": 79.56, ""leader_type"": ""swing"", ""leader_tags"": ""双重龙头/长期核心候选/波段活跃候选""}]",10,10
2026-05-18,41,行业,电子-半导体,电子-半导体,0.5853,1.5052,0.6522,84.45,41,69.39,,26.85,,38,长期主线,001309/603061/002213,德明利/金海通/大为股份,"[{""symbol"": ""001309"", ""name"": ""德明利"", ""leader_score"": 91.05, ""combined_leader_score"": 87.62, ""leader_type"": ""long_term"", ""leader_tags"": ""双重龙头/长期核心候选/波段活跃候选""}, {""symbol"": ""603061"", ""name"": ""金海通"", ""leader_score"": 77.95, ""combined_leader_score"": 75.76, ""leader_type"": ""long_term"", ""leader_tags"": ""双重龙头/长期核心候选/波段活跃候选""}, {""symbol"": ""002213"", ""name"": ""大为股份"", ""leader_score"": 77.18, ""combined_leader_score"": 70.61, ""leader_type"": ""long_term"", ""leader_tags"": ""长期核心/长期核心候选""}]",23,23
2026-05-18,42,行业,有色金属-能源金属,有色金属-能源金属,-0.4067,0.104,0.5,84.27,42,25.95,,29.7,,16,长期主线,605376/002240/002192,博迁新材/盛新锂能/融捷股份,"[{""symbol"": ""605376"", ""name"": ""博迁新材"", ""leader_score"": 86.85, ""combined_leader_score"": 83.52, ""leader_type"": ""swing"", ""leader_tags"": ""双重龙头/长期核心候选/波段活跃候选""}, {""symbol"": ""002240"", ""name"": ""盛新锂能"", ""leader_score"": 77.33, ""combined_leader_score"": 66.04, ""leader_type"": ""swing"", ""leader_tags"": ""双重龙头/波段活跃候选""}, {""symbol"": ""002192"", ""name"": ""融捷股份"", ""leader_score"": 80.92, ""combined_leader_score"": 62.48, ""leader_type"": ""swing"", ""leader_tags"": ""双重龙头/波段活跃候选""}]",6,6
2026-05-18,43,概念,消费电子概念,885800,0.3414,1.0836,0.5037,84.26,43,51.14,,24.34,,69,长期主线,603256/603629/603228,宏和科技/利通电子/景旺电子,"[{""symbol"": ""603256"", ""name"": ""宏和科技"", ""leader_score"": 91.75, ""combined_leader_score"": 85.87, ""leader_type"": ""long_term"", ""leader_tags"": ""双重龙头/长期核心候选/波段活跃候选""}, {""symbol"": ""603629"", ""name"": ""利通电子"", ""leader_score"": 86.53, ""combined_leader_score"": 82.31, ""leader_type"": ""long_term"", ""leader_tags"": ""双重龙头/长期核心候选/波段活跃候选""}, {""symbol"": ""603228"", ""name"": ""景旺电子"", ""leader_score"": 87.91, ""combined_leader_score"": 81.31, ""leader_type"": ""long_term"", ""leader_tags"": ""双重龙头/长期核心候选/波段活跃候选""}]",135,135
2026-05-18,44,行业,有色金属-小金属,有色金属-小金属,0.1223,0.6965,0.5556,83.1,44,25.36,,34.95,3.0,3,长期主线/P9高买入分,002149/000657/002842,西部材料/中钨高新/翔鹭钨业,"[{""symbol"": ""002149"", ""name"": ""西部材料"", ""leader_score"": 90.93, ""combined_leader_score"": 87.24, ""leader_type"": ""long_term"", ""leader_tags"": ""双重龙头/长期核心候选/波段活跃候选""}, {""symbol"": ""000657"", ""name"": ""中钨高新"", ""leader_score"": 80.23, ""combined_leader_score"": 79.38, ""leader_type"": ""long_term"", ""leader_tags"": ""双重龙头/长期核心候选/波段活跃候选""}, {""symbol"": ""002842"", ""name"": ""翔鹭钨业"", ""leader_score"": 78.29, ""combined_leader_score"": 77.6, ""leader_type"": ""swing"", ""leader_tags"": ""双重龙头/长期核心候选/波段活跃候选""}]",18,18
2026-05-18,45,概念,东数西算(算力),885957,1.2628,2.1901,0.6414,82.88,45,58.39,,27.95,,26,长期主线,600105/601869/600869,永鼎股份/长飞光纤/远东股份,"[{""symbol"": ""600105"", ""name"": ""永鼎股份"", ""leader_score"": 93.61, ""combined_leader_score"": 85.46, ""leader_type"": ""long_term"", ""leader_tags"": ""双重龙头/长期核心候选/波段活跃候选""}, {""symbol"": ""601869"", ""name"": ""长飞光纤"", ""leader_score"": 92.05, ""combined_leader_score"": 85.34, ""leader_type"": ""long_term"", ""leader_tags"": ""双重龙头/长期核心候选/波段活跃候选""}, {""symbol"": ""600869"", ""name"": ""远东股份"", ""leader_score"": 76.82, ""combined_leader_score"": 80.24, ""leader_type"": ""swing"", ""leader_tags"": ""波段先锋/长期核心候选/波段活跃候选""}]",145,145
2026-05-18,46,概念,智能穿戴,885454,0.7909,1.7677,0.5342,82.86,46,59.36,,24.68,,62,长期主线,001309/600330/002980,德明利/天通股份/华盛昌,"[{""symbol"": ""001309"", ""name"": ""德明利"", ""leader_score"": 93.04, ""combined_leader_score"": 86.4, ""leader_type"": ""long_term"", ""leader_tags"": ""双重龙头/长期核心候选/波段活跃候选""}, {""symbol"": ""600330"", ""name"": ""天通股份"", ""leader_score"": 88.89, ""combined_leader_score"": 81.92, ""leader_type"": ""long_term"", ""leader_tags"": ""双重龙头/长期核心候选/波段活跃候选""}, {""symbol"": ""002980"", ""name"": ""华盛昌"", ""leader_score"": 81.58, ""combined_leader_score"": 78.11, ""leader_type"": ""long_term"", ""leader_tags"": ""双重龙头/长期核心候选/波段活跃候选""}]",73,73
2026-05-18,47,行业,轻工制造-包装印刷,轻工制造-包装印刷,-0.2765,-0.3512,0.3182,81.56,47,29.87,,28.76,,19,长期主线,003018/002787/000659,金富科技/华源控股/珠海中富,"[{""symbol"": ""003018"", ""name"": ""金富科技"", ""leader_score"": 87.14, ""combined_leader_score"": 85.32, ""leader_type"": ""long_term"", ""leader_tags"": ""双重龙头/长期核心候选/波段活跃候选""}, {""symbol"": ""002787"", ""name"": ""华源控股"", ""leader_score"": 77.71, ""combined_leader_score"": 76.36, ""leader_type"": ""long_term"", ""leader_tags"": ""双重龙头/长期核心候选/波段活跃候选""}, {""symbol"": ""000659"", ""name"": ""珠海中富"", ""leader_score"": 70.42, ""combined_leader_score"": 68.08, ""leader_type"": ""swing"", ""leader_tags"": ""双重龙头/波段活跃候选""}]",22,22
2026-05-18,48,概念,金属镍,885969,-1.0947,-0.5292,0.15,81.09,48,13.75,,19.42,,129,长期主线,000426/605376/600711,兴业银锡/博迁新材/盛屯矿业,"[{""symbol"": ""000426"", ""name"": ""兴业银锡"", ""leader_score"": 83.05, ""combined_leader_score"": 82.77, ""leader_type"": ""long_term"", ""leader_tags"": ""双重龙头/长期核心候选/波段活跃候选""}, {""symbol"": ""605376"", ""name"": ""博迁新材"", ""leader_score"": 81.44, ""combined_leader_score"": 81.08, ""leader_type"": ""swing"", ""leader_tags"": ""双重龙头/长期核心候选/波段活跃候选""}, {""symbol"": ""600711"", ""name"": ""盛屯矿业"", ""leader_score"": 71.77, ""combined_leader_score"": 70.25, ""leader_type"": ""swing"", ""leader_tags"": ""双重龙头/波段活跃候选""}]",20,20
2026-05-18,49,概念,毫米波雷达,886035,0.545,1.4163,0.569,80.97,49,51.57,,24.12,,72,长期主线,603920/002436/600330,世运电路/兴森科技/天通股份,"[{""symbol"": ""603920"", ""name"": ""世运电路"", ""leader_score"": 86.11, ""combined_leader_score"": 83.05, ""leader_type"": ""long_term"", ""leader_tags"": ""双重龙头/长期核心候选/波段活跃候选""}, {""symbol"": ""002436"", ""name"": ""兴森科技"", ""leader_score"": 85.85, ""combined_leader_score"": 79.66, ""leader_type"": ""long_term"", ""leader_tags"": ""双重龙头/长期核心候选/波段活跃候选""}, {""symbol"": ""600330"", ""name"": ""天通股份"", ""leader_score"": 88.05, ""combined_leader_score"": 79.39, ""leader_type"": ""long_term"", ""leader_tags"": ""双重龙头/长期核心候选""}]",58,58
2026-05-18,50,概念,卫星导航,885574,0.9813,2.0538,0.6222,80.86,50,51.57,,26.03,,45,长期主线,002428/002149/002046,云南锗业/西部材料/国机精工,"[{""symbol"": ""002428"", ""name"": ""云南锗业"", ""leader_score"": 92.98, ""combined_leader_score"": 83.98, ""leader_type"": ""long_term"", ""leader_tags"": ""双重龙头/长期核心候选/波段活跃候选""}, {""symbol"": ""002149"", ""name"": ""西部材料"", ""leader_score"": 90.61, ""combined_leader_score"": 83.86, ""leader_type"": ""long_term"", ""leader_tags"": ""双重龙头/长期核心候选/波段活跃候选""}, {""symbol"": ""002046"", ""name"": ""国机精工"", ""leader_score"": 86.23, ""combined_leader_score"": 79.97, ""leader_type"": ""long_term"", ""leader_tags"": ""波段先锋/长期核心候选/波段活跃候选""}]",90,90
2026-05-18,51,概念,柔性直流输电,885948,0.9731,2.9688,0.6,80.33,51,52.84,,33.28,7.0,8,长期主线/P9高买入分,600487/600869/600353,亨通光电/远东股份/旭光电子,"[{""symbol"": ""600487"", ""name"": ""亨通光电"", ""leader_score"": 95.14, ""combined_leader_score"": 90.25, ""leader_type"": ""long_term"", ""leader_tags"": ""双重龙头/长期核心候选/波段活跃候选""}, {""symbol"": ""600869"", ""name"": ""远东股份"", ""leader_score"": 90.16, ""combined_leader_score"": 86.39, ""leader_type"": ""swing"", ""leader_tags"": ""双重龙头/长期核心候选/波段活跃候选""}, {""symbol"": ""600353"", ""name"": ""旭光电子"", ""leader_score"": 74.67, ""combined_leader_score"": 73.13, ""leader_type"": ""long_term"", ""leader_tags"": ""双重龙头/长期核心候选/波段活跃候选""}]",30,30
2026-05-18,52,概念,光刻胶,885864,0.53,2.9648,0.4286,80.27,52,73.39,8.0,26.48,,40,长期主线/短期主线,603306/601208/603078,华懋科技/东材科技/江化微,"[{""symbol"": ""603306"", ""name"": ""华懋科技"", ""leader_score"": 95.12, ""combined_leader_score"": 93.72, ""leader_type"": ""long_term"", ""leader_tags"": ""双重龙头/长期核心候选/波段活跃候选""}, {""symbol"": ""601208"", ""name"": ""东材科技"", ""leader_score"": 86.83, ""combined_leader_score"": 84.33, ""leader_type"": ""long_term"", ""leader_tags"": ""双重龙头/长期核心候选/波段活跃候选""}, {""symbol"": ""603078"", ""name"": ""江化微"", ""leader_score"": 77.2, ""combined_leader_score"": 72.64, ""leader_type"": ""swing"", ""leader_tags"": ""双重龙头/波段活跃候选""}]",21,21
2026-05-18,53,概念,稀土永磁,885343,-1.0088,-1.5302,0.3103,80.22,53,21.9,,25.73,,52,长期主线,600259/600206/002645,中稀有色/有研新材/华宏科技,"[{""symbol"": ""600259"", ""name"": ""中稀有色"", ""leader_score"": 81.07, ""combined_leader_score"": 76.96, ""leader_type"": ""long_term"", ""leader_tags"": ""双重龙头/长期核心候选/波段活跃候选""}, {""symbol"": ""600206"", ""name"": ""有研新材"", ""leader_score"": 76.78, ""combined_leader_score"": 73.33, ""leader_type"": ""long_term"", ""leader_tags"": ""双重龙头/长期核心候选""}, {""symbol"": ""002645"", ""name"": ""华宏科技"", ""leader_score"": 82.28, ""combined_leader_score"": 70.5, ""leader_type"": ""swing"", ""leader_tags"": ""波段先锋/波段活跃候选""}]",29,29
2026-05-18,54,概念,锂电池概念,885710,-0.4077,0.3537,0.3745,79.93,54,23.4,,21.28,,114,长期主线,002759/605376/600522,天际股份/博迁新材/中天科技,"[{""symbol"": ""002759"", ""name"": ""天际股份"", ""leader_score"": 80.48, ""combined_leader_score"": 81.53, ""leader_type"": ""swing"", ""leader_tags"": ""波段先锋/长期核心候选/波段活跃候选""}, {""symbol"": ""605376"", ""name"": ""博迁新材"", ""leader_score"": 85.24, ""combined_leader_score"": 80.94, ""leader_type"": ""long_term"", ""leader_tags"": ""波段先锋/长期核心候选/波段活跃候选""}, {""symbol"": ""600522"", ""name"": ""中天科技"", ""leader_score"": 91.73, ""combined_leader_score"": 79.45, ""leader_type"": ""long_term"", ""leader_tags"": ""长期核心/长期核心候选""}]",235,235
2026-05-18,55,行业,电力设备-电网设备,电力设备-电网设备,1.3325,2.2704,0.6875,79.77,55,58.04,,32.1,9.0,10,长期主线/P9高买入分,600869/603618/002980,远东股份/杭电股份/华盛昌,"[{""symbol"": ""600869"", ""name"": ""远东股份"", ""leader_score"": 85.6, ""combined_leader_score"": 82.84, ""leader_type"": ""long_term"", ""leader_tags"": ""双重龙头/长期核心候选/波段活跃候选""}, {""symbol"": ""603618"", ""name"": ""杭电股份"", ""leader_score"": 85.66, ""combined_leader_score"": 81.83, ""leader_type"": ""long_term"", ""leader_tags"": ""双重龙头/长期核心候选/波段活跃候选""}, {""symbol"": ""002980"", ""name"": ""华盛昌"", ""leader_score"": 80.81, ""combined_leader_score"": 78.0, ""leader_type"": ""long_term"", ""leader_tags"": ""波段先锋/长期核心候选/波段活跃候选""}]",64,64
2026-05-18,56,行业,电力设备-其他电源设备Ⅱ,电力设备-其他电源设备Ⅱ,1.285,2.2937,0.5455,79.28,56,57.03,,28.63,,20,长期主线,002364/002052/002518,中恒电气/同洲电子/科士达,"[{""symbol"": ""002364"", ""name"": ""中恒电气"", ""leader_score"": 94.31, ""combined_leader_score"": 90.67, ""leader_type"": ""swing"", ""leader_tags"": ""双重龙头/长期核心候选/波段活跃候选""}, {""symbol"": ""002052"", ""name"": ""同洲电子"", ""leader_score"": 80.38, ""combined_leader_score"": 76.59, ""leader_type"": ""swing"", ""leader_tags"": ""双重龙头/长期核心候选/波段活跃候选""}, {""symbol"": ""002518"", ""name"": ""科士达"", ""leader_score"": 80.77, ""combined_leader_score"": 75.06, ""leader_type"": ""swing"", ""leader_tags"": ""双重龙头/长期核心候选/波段活跃候选""}]",11,11
2026-05-18,57,概念,小金属概念,885552,-0.3877,0.0322,0.3137,78.89,57,16.86,,21.49,,106,长期主线,002149/603067/002428,西部材料/振华股份/云南锗业,"[{""symbol"": ""002149"", ""name"": ""西部材料"", ""leader_score"": 87.79, ""combined_leader_score"": 85.07, ""leader_type"": ""long_term"", ""leader_tags"": ""双重龙头/长期核心候选/波段活跃候选""}, {""symbol"": ""603067"", ""name"": ""振华股份"", ""leader_score"": 85.89, ""combined_leader_score"": 78.84, ""leader_type"": ""long_term"", ""leader_tags"": ""长期核心/长期核心候选/波段活跃候选""}, {""symbol"": ""002428"", ""name"": ""云南锗业"", ""leader_score"": 86.67, ""combined_leader_score"": 78.39, ""leader_type"": ""long_term"", ""leader_tags"": ""长期核心/长期核心候选""}]",102,102
2026-05-18,58,行业,机械设备-通用设备,机械设备-通用设备,-0.5636,0.4469,0.3548,78.76,58,40.85,,24.96,,57,长期主线,603308/600343/002272,应流股份/航天动力/川润股份,"[{""symbol"": ""603308"", ""name"": ""应流股份"", ""leader_score"": 91.28, ""combined_leader_score"": 84.37, ""leader_type"": ""long_term"", ""leader_tags"": ""双重龙头/长期核心候选/波段活跃候选""}, {""symbol"": ""600343"", ""name"": ""航天动力"", ""leader_score"": 85.34, ""combined_leader_score"": 83.77, ""leader_type"": ""long_term"", ""leader_tags"": ""双重龙头/长期核心候选/波段活跃候选""}, {""symbol"": ""002272"", ""name"": ""川润股份"", ""leader_score"": 81.12, ""combined_leader_score"": 80.62, ""leader_type"": ""long_term"", ""leader_tags"": ""双重龙头/长期核心候选/波段活跃候选""}]",62,62
2026-05-18,59,概念,长三角一体化,885832,0.1119,1.5386,0.4557,78.75,59,34.59,,21.4,,109,长期主线,600105/002491/600330,永鼎股份/通鼎互联/天通股份,"[{""symbol"": ""600105"", ""name"": ""永鼎股份"", ""leader_score"": 94.94, ""combined_leader_score"": 88.96, ""leader_type"": ""long_term"", ""leader_tags"": ""双重龙头/长期核心候选/波段活跃候选""}, {""symbol"": ""002491"", ""name"": ""通鼎互联"", ""leader_score"": 87.36, ""combined_leader_score"": 81.53, ""leader_type"": ""long_term"", ""leader_tags"": ""双重龙头/长期核心候选/波段活跃候选""}, {""symbol"": ""600330"", ""name"": ""天通股份"", ""leader_score"": 85.97, ""combined_leader_score"": 79.6, ""leader_type"": ""long_term"", ""leader_tags"": ""双重龙头/长期核心候选/波段活跃候选""}]",79,79
2026-05-18,60,概念,智能电网,885311,1.2115,2.5299,0.6667,78.1,60,55.95,,27.81,,28,长期主线,600487/601869/002851,亨通光电/长飞光纤/麦格米特,"[{""symbol"": ""600487"", ""name"": ""亨通光电"", ""leader_score"": 95.33, ""combined_leader_score"": 87.08, ""leader_type"": ""long_term"", ""leader_tags"": ""双重龙头/长期核心候选/波段活跃候选""}, {""symbol"": ""601869"", ""name"": ""长飞光纤"", ""leader_score"": 92.01, ""combined_leader_score"": 84.67, ""leader_type"": ""long_term"", ""leader_tags"": ""双重龙头/长期核心候选/波段活跃候选""}, {""symbol"": ""002851"", ""name"": ""麦格米特"", ""leader_score"": 89.23, ""combined_leader_score"": 82.43, ""leader_type"": ""long_term"", ""leader_tags"": ""双重龙头/长期核心候选/波段活跃候选""}]",102,102
2026-05-18,61,行业,电力设备-电池,电力设备-电池,0.695,0.1604,0.4,77.7,61,21.68,,24.39,,67,长期主线,002580/600152/600110,圣阳股份/维科技术/诺德股份,"[{""symbol"": ""002580"", ""name"": ""圣阳股份"", ""leader_score"": 82.74, ""combined_leader_score"": 81.44, ""leader_type"": ""long_term"", ""leader_tags"": ""双重龙头/长期核心候选/波段活跃候选""}, {""symbol"": ""600152"", ""name"": ""维科技术"", ""leader_score"": 77.31, ""combined_leader_score"": 75.52, ""leader_type"": ""swing"", ""leader_tags"": ""双重龙头/长期核心候选/波段活跃候选""}, {""symbol"": ""600110"", ""name"": ""诺德股份"", ""leader_score"": 86.23, ""combined_leader_score"": 74.25, ""leader_type"": ""swing"", ""leader_tags"": ""波段先锋/波段活跃候选""}]",20,20
2026-05-18,62,概念,工业母机,885930,-0.6587,-0.2856,0.4211,77.42,62,38.39,,27.72,,29,长期主线,002046/002975/002378,国机精工/博杰股份/章源钨业,"[{""symbol"": ""002046"", ""name"": ""国机精工"", ""leader_score"": 92.33, ""combined_leader_score"": 87.16, ""leader_type"": ""long_term"", ""leader_tags"": ""双重龙头/长期核心候选/波段活跃候选""}, {""symbol"": ""002975"", ""name"": ""博杰股份"", ""leader_score"": 83.64, ""combined_leader_score"": 79.36, ""leader_type"": ""long_term"", ""leader_tags"": ""双重龙头/长期核心候选/波段活跃候选""}, {""symbol"": ""002378"", ""name"": ""章源钨业"", ""leader_score"": 87.69, ""combined_leader_score"": 76.22, ""leader_type"": ""long_term"", ""leader_tags"": ""长期核心/长期核心候选""}]",38,38
2026-05-18,63,概念,可控核聚变,886065,0.7112,3.3858,0.4909,76.7,63,52.19,,23.65,,82,长期主线,600105/002149/000962,永鼎股份/西部材料/东方钽业,"[{""symbol"": ""600105"", ""name"": ""永鼎股份"", ""leader_score"": 95.94, ""combined_leader_score"": 89.82, ""leader_type"": ""long_term"", ""leader_tags"": ""双重龙头/长期核心候选/波段活跃候选""}, {""symbol"": ""002149"", ""name"": ""西部材料"", ""leader_score"": 87.15, ""combined_leader_score"": 84.36, ""leader_type"": ""long_term"", ""leader_tags"": ""双重龙头/长期核心候选/波段活跃候选""}, {""symbol"": ""000962"", ""name"": ""东方钽业"", ""leader_score"": 84.42, ""combined_leader_score"": 78.83, ""leader_type"": ""long_term"", ""leader_tags"": ""波段先锋/长期核心候选/波段活跃候选""}]",55,55
2026-05-18,64,概念,华为海思概念股,885843,1.1089,1.5484,0.5,76.44,64,57.04,,26.35,,42,长期主线,002402/003031/002156,和而泰/中瓷电子/通富微电,"[{""symbol"": ""002402"", ""name"": ""和而泰"", ""leader_score"": 78.36, ""combined_leader_score"": 76.36, ""leader_type"": ""swing"", ""leader_tags"": ""双重龙头/长期核心候选/波段活跃候选""}, {""symbol"": ""003031"", ""name"": ""中瓷电子"", ""leader_score"": 86.15, ""combined_leader_score"": 77.66, ""leader_type"": ""long_term"", ""leader_tags"": ""长期核心/长期核心候选""}, {""symbol"": ""002156"", ""name"": ""通富微电"", ""leader_score"": 77.69, ""combined_leader_score"": 71.05, ""leader_type"": ""long_term"", ""leader_tags"": ""长期核心/长期核心候选""}]",14,14
2026-05-18,65,概念,氟化工概念,885551,-1.2103,-0.1821,0.2571,76.37,65,33.8,,24.99,,56,长期主线,002428/002759/002250,云南锗业/天际股份/联化科技,"[{""symbol"": ""002428"", ""name"": ""云南锗业"", ""leader_score"": 90.62, ""combined_leader_score"": 88.99, ""leader_type"": ""long_term"", ""leader_tags"": ""双重龙头/长期核心候选/波段活跃候选""}, {""symbol"": ""002759"", ""name"": ""天际股份"", ""leader_score"": 86.26, ""combined_leader_score"": 82.83, ""leader_type"": ""swing"", ""leader_tags"": ""双重龙头/长期核心候选/波段活跃候选""}, {""symbol"": ""002250"", ""name"": ""联化科技"", ""leader_score"": 76.29, ""combined_leader_score"": 74.11, ""leader_type"": ""long_term"", ""leader_tags"": ""双重龙头/长期核心候选/波段活跃候选""}]",35,35
2026-05-18,66,概念,金属钴,885865,-1.2174,-1.5412,0.2353,76.3,66,10.68,,22.82,,93,长期主线,000426/600549/600711,兴业银锡/厦门钨业/盛屯矿业,"[{""symbol"": ""000426"", ""name"": ""兴业银锡"", ""leader_score"": 87.81, ""combined_leader_score"": 85.34, ""leader_type"": ""swing"", ""leader_tags"": ""双重龙头/长期核心候选/波段活跃候选""}, {""symbol"": ""600549"", ""name"": ""厦门钨业"", ""leader_score"": 85.09, ""combined_leader_score"": 79.33, ""leader_type"": ""swing"", ""leader_tags"": ""双重龙头/长期核心候选/波段活跃候选""}, {""symbol"": ""600711"", ""name"": ""盛屯矿业"", ""leader_score"": 79.07, ""combined_leader_score"": 75.59, ""leader_type"": ""swing"", ""leader_tags"": ""双重龙头/长期核心候选/波段活跃候选""}]",17,17
2026-05-18,67,概念,航空发动机,885884,0.5543,3.3556,0.4,76.05,67,46.32,,21.1,,116,长期主线,002149/002361/000962,西部材料/神剑股份/东方钽业,"[{""symbol"": ""002149"", ""name"": ""西部材料"", ""leader_score"": 87.62, ""combined_leader_score"": 84.23, ""leader_type"": ""long_term"", ""leader_tags"": ""双重龙头/长期核心候选/波段活跃候选""}, {""symbol"": ""002361"", ""name"": ""神剑股份"", ""leader_score"": 86.38, ""combined_leader_score"": 83.69, ""leader_type"": ""long_term"", ""leader_tags"": ""双重龙头/长期核心候选/波段活跃候选""}, {""symbol"": ""000962"", ""name"": ""东方钽业"", ""leader_score"": 87.02, ""combined_leader_score"": 80.99, ""leader_type"": ""long_term"", ""leader_tags"": ""双重龙头/长期核心候选/波段活跃候选""}]",30,30
2026-05-18,68,概念,PM2.5,885555,3.0251,6.3051,0.5556,75.78,68,75.68,5.0,25.95,,49,长期主线/短期主线,002980/603286/603311,华盛昌/日盈电子/金海高科,"[{""symbol"": ""002980"", ""name"": ""华盛昌"", ""leader_score"": 89.75, ""combined_leader_score"": 89.71, ""leader_type"": ""long_term"", ""leader_tags"": ""双重龙头/长期核心候选/波段活跃候选""}, {""symbol"": ""603286"", ""name"": ""日盈电子"", ""leader_score"": 84.89, ""combined_leader_score"": 80.82, ""leader_type"": ""swing"", ""leader_tags"": ""双重龙头/长期核心候选/波段活跃候选""}, {""symbol"": ""603311"", ""name"": ""金海高科"", ""leader_score"": 88.44, ""combined_leader_score"": 74.93, ""leader_type"": ""swing"", ""leader_tags"": ""双重龙头/波段活跃候选""}]",9,9
2026-05-18,69,概念,金属铅,885971,-0.5646,-0.9435,0.32,75.44,69,11.04,,23.63,,85,长期主线,000426/600301/002716,兴业银锡/华锡有色/湖南白银,"[{""symbol"": ""000426"", ""name"": ""兴业银锡"", ""leader_score"": 84.29, ""combined_leader_score"": 82.66, ""leader_type"": ""swing"", ""leader_tags"": ""双重龙头/长期核心候选/波段活跃候选""}, {""symbol"": ""600301"", ""name"": ""华锡有色"", ""leader_score"": 76.49, ""combined_leader_score"": 74.37, ""leader_type"": ""swing"", ""leader_tags"": ""双重龙头/长期核心候选/波段活跃候选""}, {""symbol"": ""002716"", ""name"": ""湖南白银"", ""leader_score"": 83.03, ""combined_leader_score"": 73.7, ""leader_type"": ""swing"", ""leader_tags"": ""波段先锋/波段活跃候选""}]",25,25
2026-05-18,70,概念,军工,885700,0.2413,1.1235,0.4802,75.3,70,39.21,,23.45,,86,长期主线,600105/002428/600487,永鼎股份/云南锗业/亨通光电,"[{""symbol"": ""600105"", ""name"": ""永鼎股份"", ""leader_score"": 96.48, ""combined_leader_score"": 86.85, ""leader_type"": ""long_term"", ""leader_tags"": ""双重龙头/长期核心候选/波段活跃候选""}, {""symbol"": ""002428"", ""name"": ""云南锗业"", ""leader_score"": 91.63, ""combined_leader_score"": 84.3, ""leader_type"": ""long_term"", ""leader_tags"": ""双重龙头/长期核心候选/波段活跃候选""}, {""symbol"": ""600487"", ""name"": ""亨通光电"", ""leader_score"": 96.1, ""combined_leader_score"": 83.47, ""leader_type"": ""long_term"", ""leader_tags"": ""长期核心/长期核心候选""}]",227,227
2026-05-18,71,概念,汽车电子,885545,0.818,2.2233,0.5479,75.01,71,59.2,,21.37,,110,长期主线,001309/002916/603920,德明利/深南电路/世运电路,"[{""symbol"": ""001309"", ""name"": ""德明利"", ""leader_score"": 91.98, ""combined_leader_score"": 84.53, ""leader_type"": ""long_term"", ""leader_tags"": ""双重龙头/长期核心候选/波段活跃候选""}, {""symbol"": ""002916"", ""name"": ""深南电路"", ""leader_score"": 91.76, ""combined_leader_score"": 81.22, ""leader_type"": ""long_term"", ""leader_tags"": ""长期核心/长期核心候选""}, {""symbol"": ""603920"", ""name"": ""世运电路"", ""leader_score"": 85.54, ""combined_leader_score"": 78.56, ""leader_type"": ""long_term"", ""leader_tags"": ""长期核心候选/波段活跃候选""}]",146,146
2026-05-18,72,行业,机械设备-自动化设备,机械设备-自动化设备,1.0831,5.9831,0.5882,74.95,72,84.96,1.0,24.81,,58,长期主线/短期主线,002975/002979/002957,博杰股份/雷赛智能/科瑞技术,"[{""symbol"": ""002975"", ""name"": ""博杰股份"", ""leader_score"": 84.66, ""combined_leader_score"": 80.21, ""leader_type"": ""long_term"", ""leader_tags"": ""双重龙头/长期核心候选/波段活跃候选""}, {""symbol"": ""002979"", ""name"": ""雷赛智能"", ""leader_score"": 81.16, ""combined_leader_score"": 79.63, ""leader_type"": ""swing"", ""leader_tags"": ""双重龙头/长期核心候选/波段活跃候选""}, {""symbol"": ""002957"", ""name"": ""科瑞技术"", ""leader_score"": 78.06, ""combined_leader_score"": 74.46, ""leader_type"": ""long_term"", ""leader_tags"": ""双重龙头/长期核心候选/波段活跃候选""}]",17,17
2026-05-18,73,概念,3D打印,885537,0.4679,1.3648,0.4872,74.84,73,50.07,,26.91,,37,长期主线,600105/605376/002361,永鼎股份/博迁新材/神剑股份,"[{""symbol"": ""600105"", ""name"": ""永鼎股份"", ""leader_score"": 95.32, ""combined_leader_score"": 92.16, ""leader_type"": ""long_term"", ""leader_tags"": ""双重龙头/长期核心候选/波段活跃候选""}, {""symbol"": ""605376"", ""name"": ""博迁新材"", ""leader_score"": 90.26, ""combined_leader_score"": 85.91, ""leader_type"": ""swing"", ""leader_tags"": ""双重龙头/长期核心候选/波段活跃候选""}, {""symbol"": ""002361"", ""name"": ""神剑股份"", ""leader_score"": 84.93, ""combined_leader_score"": 82.33, ""leader_type"": ""long_term"", ""leader_tags"": ""双重龙头/长期核心候选/波段活跃候选""}]",39,39
2026-05-18,74,概念,金属回收,885972,-0.29,-0.7732,0.3659,74.42,74,20.54,,19.31,,130,长期主线,002716/001203/600961,湖南白银/大中矿业/株冶集团,"[{""symbol"": ""002716"", ""name"": ""湖南白银"", ""leader_score"": 81.53, ""combined_leader_score"": 78.86, ""leader_type"": ""long_term"", ""leader_tags"": ""双重龙头/长期核心候选/波段活跃候选""}, {""symbol"": ""001203"", ""name"": ""大中矿业"", ""leader_score"": 78.44, ""combined_leader_score"": 78.03, ""leader_type"": ""swing"", ""leader_tags"": ""双重龙头/长期核心候选/波段活跃候选""}, {""symbol"": ""600961"", ""name"": ""株冶集团"", ""leader_score"": 79.55, ""combined_leader_score"": 77.93, ""leader_type"": ""long_term"", ""leader_tags"": ""双重龙头/长期核心候选/波段活跃候选""}]",41,41
2026-05-18,75,概念,商业航天,886078,0.6385,2.1949,0.5114,74.21,75,46.98,,24.24,,70,长期主线,600105/002428/002149,永鼎股份/云南锗业/西部材料,"[{""symbol"": ""600105"", ""name"": ""永鼎股份"", ""leader_score"": 96.61, ""combined_leader_score"": 88.35, ""leader_type"": ""long_term"", ""leader_tags"": ""双重龙头/长期核心候选/波段活跃候选""}, {""symbol"": ""002428"", ""name"": ""云南锗业"", ""leader_score"": 90.94, ""combined_leader_score"": 83.86, ""leader_type"": ""long_term"", ""leader_tags"": ""双重龙头/长期核心候选/波段活跃候选""}, {""symbol"": ""002149"", ""name"": ""西部材料"", ""leader_score"": 88.18, ""combined_leader_score"": 82.74, ""leader_type"": ""long_term"", ""leader_tags"": ""波段先锋/长期核心候选/波段活跃候选""}]",176,176
2026-05-18,76,概念,数据中心,885887,1.0408,1.7762,0.6255,74.2,76,54.82,,26.0,,46,长期主线,600487/603256/001309,亨通光电/宏和科技/德明利,"[{""symbol"": ""600487"", ""name"": ""亨通光电"", ""leader_score"": 94.22, ""combined_leader_score"": 85.87, ""leader_type"": ""long_term"", ""leader_tags"": ""双重龙头/长期核心候选/波段活跃候选""}, {""symbol"": ""603256"", ""name"": ""宏和科技"", ""leader_score"": 89.78, ""combined_leader_score"": 85.31, ""leader_type"": ""long_term"", ""leader_tags"": ""波段先锋/长期核心候选/波段活跃候选""}, {""symbol"": ""001309"", ""name"": ""德明利"", ""leader_score"": 90.64, ""combined_leader_score"": 85.15, ""leader_type"": ""long_term"", ""leader_tags"": ""波段先锋/长期核心候选/波段活跃候选""}]",235,235
2026-05-18,77,概念,盐湖提锂,885922,-0.5894,-1.0876,0.2609,73.87,77,11.97,,24.18,,71,长期主线,000408/002240/600338,藏格矿业/盛新锂能/西藏珠峰,"[{""symbol"": ""000408"", ""name"": ""藏格矿业"", ""leader_score"": 90.59, ""combined_leader_score"": 85.04, ""leader_type"": ""long_term"", ""leader_tags"": ""双重龙头/长期核心候选/波段活跃候选""}, {""symbol"": ""002240"", ""name"": ""盛新锂能"", ""leader_score"": 82.27, ""combined_leader_score"": 79.35, ""leader_type"": ""swing"", ""leader_tags"": ""双重龙头/长期核心候选/波段活跃候选""}, {""symbol"": ""600338"", ""name"": ""西藏珠峰"", ""leader_score"": 80.64, ""combined_leader_score"": 76.39, ""leader_type"": ""swing"", ""leader_tags"": ""双重龙头/长期核心候选/波段活跃候选""}]",23,23
2026-05-18,78,行业,电子-消费电子,电子-消费电子,0.6855,0.8838,0.5517,73.85,78,54.94,,27.4,,31,长期主线,002947/603626/603052,恒铭达/科森科技/可川科技,"[{""symbol"": ""002947"", ""name"": ""恒铭达"", ""leader_score"": 87.31, ""combined_leader_score"": 85.02, ""leader_type"": ""swing"", ""leader_tags"": ""双重龙头/长期核心候选/波段活跃候选""}, {""symbol"": ""603626"", ""name"": ""科森科技"", ""leader_score"": 82.65, ""combined_leader_score"": 80.41, ""leader_type"": ""swing"", ""leader_tags"": ""双重龙头/长期核心候选/波段活跃候选""}, {""symbol"": ""603052"", ""name"": ""可川科技"", ""leader_score"": 81.59, ""combined_leader_score"": 79.33, ""leader_type"": ""long_term"", ""leader_tags"": ""双重龙头/长期核心候选/波段活跃候选""}]",29,29
2026-05-18,79,概念,柔性屏(折叠屏),885809,1.1591,2.6911,0.6471,73.24,79,58.18,,24.38,,68,长期主线,002149/603228/601208,西部材料/景旺电子/东材科技,"[{""symbol"": ""002149"", ""name"": ""西部材料"", ""leader_score"": 92.12, ""combined_leader_score"": 86.23, ""leader_type"": ""long_term"", ""leader_tags"": ""双重龙头/长期核心候选/波段活跃候选""}, {""symbol"": ""603228"", ""name"": ""景旺电子"", ""leader_score"": 87.52, ""combined_leader_score"": 82.74, ""leader_type"": ""long_term"", ""leader_tags"": ""双重龙头/长期核心候选/波段活跃候选""}, {""symbol"": ""601208"", ""name"": ""东材科技"", ""leader_score"": 93.24, ""combined_leader_score"": 84.78, ""leader_type"": ""long_term"", ""leader_tags"": ""长期核心/长期核心候选/波段活跃候选""}]",34,34
2026-05-18,80,概念,钠离子电池,885928,-0.3216,-0.4609,0.3529,73.21,80,20.97,,20.92,,117,长期主线,600869/002580/002759,远东股份/圣阳股份/天际股份,"[{""symbol"": ""600869"", ""name"": ""远东股份"", ""leader_score"": 88.84, ""combined_leader_score"": 82.35, ""leader_type"": ""long_term"", ""leader_tags"": ""双重龙头/长期核心候选/波段活跃候选""}, {""symbol"": ""002580"", ""name"": ""圣阳股份"", ""leader_score"": 84.63, ""combined_leader_score"": 81.51, ""leader_type"": ""long_term"", ""leader_tags"": ""双重龙头/长期核心候选/波段活跃候选""}, {""symbol"": ""002759"", ""name"": ""天际股份"", ""leader_score"": 80.04, ""combined_leader_score"": 78.17, ""leader_type"": ""swing"", ""leader_tags"": ""波段先锋/长期核心候选/波段活跃候选""}]",51,51
2026-05-18,81,概念,金属锌,885970,-0.2463,-0.8149,0.3929,73.2,81,15.04,,16.02,,157,长期主线,000426/600301/002716,兴业银锡/华锡有色/湖南白银,"[{""symbol"": ""000426"", ""name"": ""兴业银锡"", ""leader_score"": 85.66, ""combined_leader_score"": 83.83, ""leader_type"": ""swing"", ""leader_tags"": ""双重龙头/长期核心候选/波段活跃候选""}, {""symbol"": ""600301"", ""name"": ""华锡有色"", ""leader_score"": 75.07, ""combined_leader_score"": 74.6, ""leader_type"": ""long_term"", ""leader_tags"": ""双重龙头/长期核心候选/波段活跃候选""}, {""symbol"": ""002716"", ""name"": ""湖南白银"", ""leader_score"": 77.73, ""combined_leader_score"": 71.79, ""leader_type"": ""swing"", ""leader_tags"": ""波段先锋/波段活跃候选""}]",28,28
2026-05-18,82,行业,有色金属-金属新材料,有色金属-金属新材料,-0.6215,-1.1633,0.3333,73.08,82,22.12,,21.47,,107,长期主线,000969/603978/600366,安泰科技/深圳新星/宁波韵升,"[{""symbol"": ""000969"", ""name"": ""安泰科技"", ""leader_score"": 85.5, ""combined_leader_score"": 82.08, ""leader_type"": ""long_term"", ""leader_tags"": ""双重龙头/长期核心候选/波段活跃候选""}, {""symbol"": ""603978"", ""name"": ""深圳新星"", ""leader_score"": 92.83, ""combined_leader_score"": 80.07, ""leader_type"": ""swing"", ""leader_tags"": ""双重龙头/波段活跃候选""}, {""symbol"": ""600366"", ""name"": ""宁波韵升"", ""leader_score"": 79.16, ""combined_leader_score"": 75.7, ""leader_type"": ""swing"", ""leader_tags"": ""双重龙头/长期核心候选/波段活跃候选""}]",9,9
2026-05-18,83,行业,建筑材料-玻璃玻纤,建筑材料-玻璃玻纤,1.7612,4.4379,0.625,72.25,83,45.78,,29.09,,17,长期主线,603601/600176/002201,再升科技/中国巨石/九鼎新材,"[{""symbol"": ""603601"", ""name"": ""再升科技"", ""leader_score"": 97.1, ""combined_leader_score"": 93.65, ""leader_type"": ""swing"", ""leader_tags"": ""双重龙头/长期核心候选/波段活跃候选""}, {""symbol"": ""600176"", ""name"": ""中国巨石"", ""leader_score"": 88.5, ""combined_leader_score"": 81.41, ""leader_type"": ""long_term"", ""leader_tags"": ""双重龙头/长期核心候选/波段活跃候选""}, {""symbol"": ""002201"", ""name"": ""九鼎新材"", ""leader_score"": 87.89, ""combined_leader_score"": 71.91, ""leader_type"": ""swing"", ""leader_tags"": ""双重龙头/波段活跃候选""}]",8,8
2026-05-18,84,概念,特斯拉概念,885467,0.2038,1.4693,0.4434,71.71,84,46.24,,25.95,,47,长期主线,603306/002384/603228,华懋科技/东山精密/景旺电子,"[{""symbol"": ""603306"", ""name"": ""华懋科技"", ""leader_score"": 93.5, ""combined_leader_score"": 83.64, ""leader_type"": ""long_term"", ""leader_tags"": ""双重龙头/长期核心候选/波段活跃候选""}, {""symbol"": ""002384"", ""name"": ""东山精密"", ""leader_score"": 94.95, ""combined_leader_score"": 83.55, ""leader_type"": ""long_term"", ""leader_tags"": ""长期核心/长期核心候选""}, {""symbol"": ""603228"", ""name"": ""景旺电子"", ""leader_score"": 87.17, ""combined_leader_score"": 79.08, ""leader_type"": ""long_term"", ""leader_tags"": ""长期核心/长期核心候选""}]",106,106
2026-05-18,85,行业,国防军工-航天装备Ⅱ,国防军工-航天装备Ⅱ,2.0441,1.4621,1.0,71.07,85,36.7,,22.41,,96,长期主线,600118/600879/601698,中国卫星/航天电子/中国卫通,"[{""symbol"": ""600118"", ""name"": ""中国卫星"", ""leader_score"": 97.5, ""combined_leader_score"": 96.65, ""leader_type"": ""long_term"", ""leader_tags"": ""双重龙头/长期核心候选/波段活跃候选""}, {""symbol"": ""600879"", ""name"": ""航天电子"", ""leader_score"": 76.0, ""combined_leader_score"": 72.53, ""leader_type"": ""long_term"", ""leader_tags"": ""双重龙头/长期核心候选""}, {""symbol"": ""601698"", ""name"": ""中国卫通"", ""leader_score"": 72.46, ""combined_leader_score"": 58.73, ""leader_type"": ""swing"", ""leader_tags"": ""双重龙头/波段活跃候选""}]",5,5
2026-05-18,86,概念,丙烯酸,885829,-1.6792,-0.2788,0.3077,70.7,86,26.63,,23.41,,87,长期主线,605589/600800/603928,圣泉集团/渤海化学/兴业股份,"[{""symbol"": ""605589"", ""name"": ""圣泉集团"", ""leader_score"": 88.64, ""combined_leader_score"": 80.2, ""leader_type"": ""long_term"", ""leader_tags"": ""双重龙头/长期核心候选""}, {""symbol"": ""600800"", ""name"": ""渤海化学"", ""leader_score"": 89.8, ""combined_leader_score"": 73.66, ""leader_type"": ""swing"", ""leader_tags"": ""双重龙头/波段活跃候选""}, {""symbol"": ""603928"", ""name"": ""兴业股份"", ""leader_score"": 83.33, ""combined_leader_score"": 73.1, ""leader_type"": ""swing"", ""leader_tags"": ""双重龙头/波段活跃候选""}]",13,13
2026-05-18,87,概念,人民币贬值受益,885840,-0.1226,0.6841,0.4147,70.53,87,24.57,,20.02,,125,长期主线,001309/002384/002947,德明利/东山精密/恒铭达,"[{""symbol"": ""001309"", ""name"": ""德明利"", ""leader_score"": 92.88, ""combined_leader_score"": 87.88, ""leader_type"": ""long_term"", ""leader_tags"": ""双重龙头/长期核心候选/波段活跃候选""}, {""symbol"": ""002384"", ""name"": ""东山精密"", ""leader_score"": 95.11, ""combined_leader_score"": 81.69, ""leader_type"": ""long_term"", ""leader_tags"": ""长期核心/长期核心候选""}, {""symbol"": ""002947"", ""name"": ""恒铭达"", ""leader_score"": 85.96, ""combined_leader_score"": 78.54, ""leader_type"": ""long_term"", ""leader_tags"": ""波段先锋/长期核心候选""}]",217,217
2026-05-18,88,概念,金属铜,885973,-0.8155,-1.3986,0.2903,69.09,88,9.44,,23.79,,79,长期主线,000426/002842/000510,兴业银锡/翔鹭钨业/新金路,"[{""symbol"": ""000426"", ""name"": ""兴业银锡"", ""leader_score"": 83.25, ""combined_leader_score"": 79.21, ""leader_type"": ""long_term"", ""leader_tags"": ""双重龙头/长期核心候选/波段活跃候选""}, {""symbol"": ""002842"", ""name"": ""翔鹭钨业"", ""leader_score"": 82.8, ""combined_leader_score"": 78.47, ""leader_type"": ""long_term"", ""leader_tags"": ""长期核心/长期核心候选/波段活跃候选""}, {""symbol"": ""000510"", ""name"": ""新金路"", ""leader_score"": 74.99, ""combined_leader_score"": 74.77, ""leader_type"": ""swing"", ""leader_tags"": ""波段先锋/长期核心候选/波段活跃候选""}]",62,62
2026-05-18,89,概念,碳纤维,885650,-0.5527,-0.5061,0.4194,67.82,89,19.97,,23.82,,78,长期主线,600590/002600/000969,泰豪科技/领益智造/安泰科技,"[{""symbol"": ""600590"", ""name"": ""泰豪科技"", ""leader_score"": 76.04, ""combined_leader_score"": 75.57, ""leader_type"": ""long_term"", ""leader_tags"": ""双重龙头/长期核心候选/波段活跃候选""}, {""symbol"": ""002600"", ""name"": ""领益智造"", ""leader_score"": 91.75, ""combined_leader_score"": 77.52, ""leader_type"": ""long_term"", ""leader_tags"": ""长期核心/长期核心候选""}, {""symbol"": ""000969"", ""name"": ""安泰科技"", ""leader_score"": 74.7, ""combined_leader_score"": 71.78, ""leader_type"": ""long_term"", ""leader_tags"": ""长期核心/长期核心候选""}]",31,31
2026-05-18,90,概念,比亚迪概念,885997,0.3279,1.3313,0.4568,67.21,90,45.71,,23.63,,83,长期主线,600105/603306/603228,永鼎股份/华懋科技/景旺电子,"[{""symbol"": ""600105"", ""name"": ""永鼎股份"", ""leader_score"": 96.4, ""combined_leader_score"": 87.4, ""leader_type"": ""long_term"", ""leader_tags"": ""双重龙头/长期核心候选/波段活跃候选""}, {""symbol"": ""603306"", ""name"": ""华懋科技"", ""leader_score"": 95.27, ""combined_leader_score"": 79.71, ""leader_type"": ""long_term"", ""leader_tags"": ""长期核心/长期核心候选""}, {""symbol"": ""603228"", ""name"": ""景旺电子"", ""leader_score"": 87.74, ""combined_leader_score"": 78.82, ""leader_type"": ""long_term"", ""leader_tags"": ""长期核心候选""}]",243,243
2026-05-18,91,行业,家用电器-家电零部件Ⅱ,家用电器-家电零部件Ⅱ,-0.2402,0.9264,0.3077,66.13,91,44.53,,23.9,,77,长期主线,002290/002418/603150,禾盛新材/康盛股份/万朗磁塑,"[{""symbol"": ""002290"", ""name"": ""禾盛新材"", ""leader_score"": 92.75, ""combined_leader_score"": 91.41, ""leader_type"": ""long_term"", ""leader_tags"": ""双重龙头/长期核心候选/波段活跃候选""}, {""symbol"": ""002418"", ""name"": ""康盛股份"", ""leader_score"": 88.1, ""combined_leader_score"": 78.44, ""leader_type"": ""swing"", ""leader_tags"": ""双重龙头/长期核心候选/波段活跃候选""}, {""symbol"": ""603150"", ""name"": ""万朗磁塑"", ""leader_score"": 79.71, ""combined_leader_score"": 74.35, ""leader_type"": ""swing"", ""leader_tags"": ""双重龙头/波段活跃候选""}]",13,13
2026-05-18,92,概念,AI眼镜,886085,0.5187,0.71,0.551,66.02,92,56.12,,26.37,,41,长期主线,603920/002980/600330,世运电路/华盛昌/天通股份,"[{""symbol"": ""603920"", ""name"": ""世运电路"", ""leader_score"": 85.96, ""combined_leader_score"": 80.87, ""leader_type"": ""long_term"", ""leader_tags"": ""双重龙头/长期核心候选/波段活跃候选""}, {""symbol"": ""002980"", ""name"": ""华盛昌"", ""leader_score"": 84.22, ""combined_leader_score"": 79.21, ""leader_type"": ""long_term"", ""leader_tags"": ""双重龙头/长期核心候选/波段活跃候选""}, {""symbol"": ""600330"", ""name"": ""天通股份"", ""leader_score"": 88.98, ""combined_leader_score"": 81.0, ""leader_type"": ""long_term"", ""leader_tags"": ""长期核心/长期核心候选/波段活跃候选""}]",49,49
2026-05-18,93,概念,新能源汽车,885431,-0.0456,1.4388,0.4049,63.79,93,42.2,,24.02,,73,长期主线,600105/601869/600487,永鼎股份/长飞光纤/亨通光电,"[{""symbol"": ""600105"", ""name"": ""永鼎股份"", ""leader_score"": 95.26, ""combined_leader_score"": 85.29, ""leader_type"": ""long_term"", ""leader_tags"": ""双重龙头/长期核心候选/波段活跃候选""}, {""symbol"": ""601869"", ""name"": ""长飞光纤"", ""leader_score"": 92.99, ""combined_leader_score"": 85.38, ""leader_type"": ""long_term"", ""leader_tags"": ""波段先锋/长期核心候选/波段活跃候选""}, {""symbol"": ""600487"", ""name"": ""亨通光电"", ""leader_score"": 95.81, ""combined_leader_score"": 83.44, ""leader_type"": ""long_term"", ""leader_tags"": ""长期核心/长期核心候选""}]",405,405
2026-05-18,94,概念,光伏概念,885531,-0.0357,0.9319,0.4777,63.78,94,42.9,,26.62,,39,长期主线,601208/600330/002046,东材科技/天通股份/国机精工,"[{""symbol"": ""601208"", ""name"": ""东材科技"", ""leader_score"": 93.22, ""combined_leader_score"": 84.77, ""leader_type"": ""long_term"", ""leader_tags"": ""双重龙头/长期核心候选/波段活跃候选""}, {""symbol"": ""600330"", ""name"": ""天通股份"", ""leader_score"": 91.54, ""combined_leader_score"": 83.37, ""leader_type"": ""long_term"", ""leader_tags"": ""长期核心/长期核心候选/波段活跃候选""}, {""symbol"": ""002046"", ""name"": ""国机精工"", ""leader_score"": 89.93, ""combined_leader_score"": 80.84, ""leader_type"": ""long_term"", ""leader_tags"": ""长期核心候选""}]",248,247
2026-05-18,95,概念,PVDF概念,885931,-2.4146,-2.9253,0.2,63.1,95,27.6,,24.01,,74,长期主线,603978/002522/603659,深圳新星/浙江众成/璞泰来,"[{""symbol"": ""603978"", ""name"": ""深圳新星"", ""leader_score"": 95.41, ""combined_leader_score"": 79.72, ""leader_type"": ""swing"", ""leader_tags"": ""双重龙头/波段活跃候选""}, {""symbol"": ""002522"", ""name"": ""浙江众成"", ""leader_score"": 80.05, ""combined_leader_score"": 71.77, ""leader_type"": ""swing"", ""leader_tags"": ""双重龙头/波段活跃候选""}, {""symbol"": ""603659"", ""name"": ""璞泰来"", ""leader_score"": 78.19, ""combined_leader_score"": 67.12, ""leader_type"": ""swing"", ""leader_tags"": ""双重龙头/波段活跃候选""}]",10,10
2026-05-18,96,概念,宁德时代概念,885789,-0.0377,0.3146,0.4105,62.77,96,26.88,,20.49,,122,长期主线,002759/600869/002080,天际股份/远东股份/中材科技,"[{""symbol"": ""002759"", ""name"": ""天际股份"", ""leader_score"": 81.08, ""combined_leader_score"": 80.79, ""leader_type"": ""long_term"", ""leader_tags"": ""波段先锋/长期核心候选/波段活跃候选""}, {""symbol"": ""600869"", ""name"": ""远东股份"", ""leader_score"": 86.53, ""combined_leader_score"": 78.65, ""leader_type"": ""long_term"", ""leader_tags"": ""长期核心/长期核心候选""}, {""symbol"": ""002080"", ""name"": ""中材科技"", ""leader_score"": 87.56, ""combined_leader_score"": 76.87, ""leader_type"": ""long_term"", ""leader_tags"": ""长期核心/长期核心候选""}]",95,95
2026-05-18,97,概念,无线耳机,885868,0.5207,0.1085,0.5641,62.36,97,53.17,,25.03,,55,长期主线,002947/603626/002600,恒铭达/科森科技/领益智造,"[{""symbol"": ""002947"", ""name"": ""恒铭达"", ""leader_score"": 83.82, ""combined_leader_score"": 82.22, ""leader_type"": ""swing"", ""leader_tags"": ""双重龙头/长期核心候选/波段活跃候选""}, {""symbol"": ""603626"", ""name"": ""科森科技"", ""leader_score"": 81.92, ""combined_leader_score"": 81.31, ""leader_type"": ""long_term"", ""leader_tags"": ""双重龙头/长期核心候选/波段活跃候选""}, {""symbol"": ""002600"", ""name"": ""领益智造"", ""leader_score"": 82.05, ""combined_leader_score"": 78.75, ""leader_type"": ""long_term"", ""leader_tags"": ""双重龙头/长期核心候选/波段活跃候选""}]",39,39
2026-05-18,98,概念,核电,885571,0.3644,2.1803,0.4161,61.02,98,37.47,,18.44,,139,长期主线,002149/600105/600522,西部材料/永鼎股份/中天科技,"[{""symbol"": ""002149"", ""name"": ""西部材料"", ""leader_score"": 92.63, ""combined_leader_score"": 87.35, ""leader_type"": ""long_term"", ""leader_tags"": ""双重龙头/长期核心候选/波段活跃候选""}, {""symbol"": ""600105"", ""name"": ""永鼎股份"", ""leader_score"": 95.53, ""combined_leader_score"": 86.03, ""leader_type"": ""long_term"", ""leader_tags"": ""双重龙头/长期核心候选/波段活跃候选""}, {""symbol"": ""600522"", ""name"": ""中天科技"", ""leader_score"": 90.81, ""combined_leader_score"": 80.25, ""leader_type"": ""long_term"", ""leader_tags"": ""长期核心/长期核心候选""}]",161,161
2026-05-18,99,概念,高压快充,886001,1.157,2.2791,0.641,61.01,99,59.6,,27.32,,34,长期主线,002384/002851/002885,东山精密/麦格米特/京泉华,"[{""symbol"": ""002384"", ""name"": ""东山精密"", ""leader_score"": 94.84, ""combined_leader_score"": 87.68, ""leader_type"": ""long_term"", ""leader_tags"": ""双重龙头/长期核心候选/波段活跃候选""}, {""symbol"": ""002851"", ""name"": ""麦格米特"", ""leader_score"": 88.51, ""combined_leader_score"": 83.45, ""leader_type"": ""long_term"", ""leader_tags"": ""双重龙头/长期核心候选/波段活跃候选""}, {""symbol"": ""002885"", ""name"": ""京泉华"", ""leader_score"": 81.54, ""combined_leader_score"": 78.64, ""leader_type"": ""long_term"", ""leader_tags"": ""双重龙头/长期核心候选/波段活跃候选""}]",39,39
2026-05-18,100,概念,TOPCON电池,886007,-0.2632,-0.3813,0.4375,60.75,100,41.64,,20.9,,119,长期主线,603045/603778/002943,福达合金/国晟科技/宇晶股份,"[{""symbol"": ""603045"", ""name"": ""福达合金"", ""leader_score"": 85.32, ""combined_leader_score"": 81.02, ""leader_type"": ""long_term"", ""leader_tags"": ""双重龙头/长期核心候选/波段活跃候选""}, {""symbol"": ""603778"", ""name"": ""国晟科技"", ""leader_score"": 82.42, ""combined_leader_score"": 80.63, ""leader_type"": ""long_term"", ""leader_tags"": ""双重龙头/长期核心候选/波段活跃候选""}, {""symbol"": ""002943"", ""name"": ""宇晶股份"", ""leader_score"": 76.0, ""combined_leader_score"": 73.91, ""leader_type"": ""long_term"", ""leader_tags"": ""双重龙头/长期核心候选/波段活跃候选""}]",32,32
