trade_date,candidate_index,symbol,name,涨幅%,source,pattern_match,pattern_ids,pattern_id,phase1_score_100,phase2_score_100,phase4_score_100,phase4_5d_mean,phase4_5d_std,phase8_score_100,phase5_score_100,ATR%,建议总仓位%,macd_cross_state,macd_divergence_state,volume_price_divergence_state,macd_top_divergence_15d,macd_bottom_divergence_15d,macd_top_divergence_signal_date,macd_bottom_divergence_signal_date,bullish_volume_price_divergence_flag,bearish_volume_price_divergence_flag,macd,macd_signal_line,macd_hist,ATR14,1ATR止损参考,2ATR止损参考,2ATR止盈参考,3ATR止盈参考,波动分层,phase2_is_cusum_event,phase1_center_score,phase2_center_score,centered_risk_score,phase4_composite_score,phase4_composite_rank,phase7_score_100,phase7_trade_permission,phase1_feature_trade_date,phase1_model_name,phase1_model_version,phase2_feature_trade_date,phase2_model_name,phase2_model_version,phase4_feature_trade_date,phase4_model_name,phase4_model_version,phase8_rank,phase8_top5_rank,phase8_feature_trade_date,phase8_model_name,phase8_model_version,today_limit_up_excluded,today_high_return_vs_prev_close,today_close_return_vs_prev_close,phase7_feature_trade_date,phase7_model_name,phase7_model_version,trade_permission,next_open_trade_permission,next_open_trade_warning,trade_permission_note,reason,patterns,old_high_date,old_high_price,days_since_old_high,max_drawdown_since_old_high,distance_to_old_high_pct,breakout_date,breakout_volume_ratio,breakout_close_position,breakout_upper_shadow_pct,breakout_body_pct,breakout_turnover,breakout_turnover_state,extension_above_old_high_pct,days_after_breakout,post_breakout_max_high_extension_pct,duck_peak_date,duck_peak_price,days_since_duck_peak,neck_start_date,neck_return_pct,neck_low_to_peak_return_pct,pullback_low_date,pullback_low_price,peak_to_pullback_drawdown_pct,nostril_cross_date,days_since_nostril_cross,cross_after_pullback_low_days,nostril_cross_ma5_ma10_gap_pct,latest_ma5_ma10_gap_pct,nostril_volume_ma20_ratio,distance_to_duck_peak_pct,pullback_volume_peak_tail_ratio,pullback_back_half_volume_ratio,pullback_max_single_day_peak_tail_ratio,large_bearish_count,max_bearish_body_pct,max_bearish_volume_ratio,distance_to_ma20,volume_ratio_20,recent_high_date,recent_high_price,days_since_recent_high,distance_from_recent_high_pct,ma20_slope_short_pct,ma20_slope_long_pct,ma60_slope_short_pct,ma60_slope_long_pct,pullback_volume_contraction_ratio,ma20_touch_date,ma20_touch_distance,pattern6_branch,anchor_date,anchor_close,support_price,anchor_volume_ratio_prev,anchor_volume_ratio_ma20,launch_confirm_high_date,launch_confirm_high_price,launch_confirm_return_pct,peak_date,peak_price,anchor_to_peak_return_pct,limit_up_like_count,pullback_volume_ratio_to_anchor,pullback_front_half_avg_volume,pullback_back_half_avg_volume,rise_tail_avg_volume,pullback_max_volume,pullback_max_rise_tail_volume_ratio,support_touch_date,source_tags,phase4_5d_mean_rank,phase4_5d_mean_top5,交易日期,收盘价,连续上榜天数
2026-05-13,1,"=""000301""",东方盛虹,-0.9266,pattern,True,"[""5""]",5,70.56,60.52,96.85,94.0,4.07,86.09,69.01,3.45,34.1,dead_cross,none,none,False,False,,,False,False,0.3644,0.3699,-0.011,0.4427,12.3873,11.9447,13.7153,14.158,中等波动,0,81.12,61.04,110.6644,110.6644,33.0,100.0,allow,2026-05-13,logistic_regression,tail_risk_phase1_v1,2026-05-13,lightgbm_classifier,barrier_risk_phase2_v1,2026-05-13,lightgbm_regressor,alpha158_qlib_return_phase4_v1,399.0,,2026-05-13,lightgbm_regressor,limit_up_3d_opportunity_phase8_v1,False,0.0077,-0.0093,2026-05-13,naive_bayes,trade_day_gate_phase7_v1,allow,allow,False,Phase7 判断当日买点环境允许交易。,"recent 10d high on 2026-04-30 at 13.48, MA20 touch on 2026-05-13, latest distance=-4.82%, vol5_20=0.89","[{""pattern_id"": 5, ""reason"": ""recent 10d high on 2026-04-30 at 13.48, MA20 touch on 2026-05-13, latest distance=-4.82%, vol5_20=0.89"", ""close"": 12.83, ""distance_to_ma20"": 0.0235, ""volume_ratio_20"": 0.8249, ""recent_high_date"": ""2026-04-30"", ""recent_high_price"": 13.48, ""days_since_recent_high"": 6.0, ""distance_from_recent_high_pct"": -0.0482, ""ma20_slope_short_pct"": 0.0053, ""ma20_slope_long_pct"": 0.0826, ""ma60_slope_short_pct"": 0.0002, ""ma60_slope_long_pct"": 0.0079, ""pullback_volume_contraction_ratio"": 0.8884, ""ma20_touch_date"": ""2026-05-13"", ""ma20_touch_distance"": 0.124}]",,,,,,,,,,,,,,,,,,,,,,,,,,,,,,,,,,,,,,0.0235,0.8249,2026-04-30,13.48,6.0,-0.0482,0.0053,0.0826,0.0002,0.0079,0.8884,2026-05-13,0.124,,,,,,,,,,,,,,,,,,,,,"[""pattern""]",17.0,False,2026-05-13,12.83,1
2026-05-13,2,"=""000810""",创维数字,0.0789,pattern,True,"[""5""]",5,62.93,55.96,92.57,74.85,16.7,58.07,57.01,2.78,40.0,dead_cross,top_divergence,none,True,False,2026-05-12,,False,False,0.3414,0.3719,-0.0609,0.3524,12.3276,11.9752,13.3848,13.7372,低波动,0,65.86,51.92,104.0692,104.0692,120.0,100.0,allow,2026-05-13,logistic_regression,tail_risk_phase1_v1,2026-05-13,lightgbm_classifier,barrier_risk_phase2_v1,2026-05-13,lightgbm_regressor,alpha158_qlib_return_phase4_v1,1201.0,,2026-05-13,lightgbm_regressor,limit_up_3d_opportunity_phase8_v1,False,0.0071,0.0008,2026-05-13,naive_bayes,trade_day_gate_phase7_v1,allow,allow,False,Phase7 判断当日买点环境允许交易。,"recent 10d high on 2026-04-27 at 13.08, MA20 touch on 2026-05-13, latest distance=-3.06%, vol5_20=0.72","[{""pattern_id"": 5, ""reason"": ""recent 10d high on 2026-04-27 at 13.08, MA20 touch on 2026-05-13, latest distance=-3.06%, vol5_20=0.72"", ""close"": 12.68, ""distance_to_ma20"": 0.0121, ""volume_ratio_20"": 0.5978, ""recent_high_date"": ""2026-04-27"", ""recent_high_price"": 13.08, ""days_since_recent_high"": 9.0, ""distance_from_recent_high_pct"": -0.0306, ""ma20_slope_short_pct"": 0.0027, ""ma20_slope_long_pct"": 0.0709, ""ma60_slope_short_pct"": 0.0014, ""ma60_slope_long_pct"": 0.0139, ""pullback_volume_contraction_ratio"": 0.719, ""ma20_touch_date"": ""2026-05-13"", ""ma20_touch_distance"": 0.0615}]",,,,,,,,,,,,,,,,,,,,,,,,,,,,,,,,,,,,,,0.0121,0.5978,2026-04-27,13.08,9.0,-0.0306,0.0027,0.0709,0.0014,0.0139,0.719,2026-05-13,0.0615,,,,,,,,,,,,,,,,,,,,,"[""pattern""]",404.0,False,2026-05-13,12.68,2
2026-05-13,3,"=""001283""",豪鹏科技,-1.6629,pattern,True,"[""5""]",5,52.34,52.14,93.51,64.95,19.68,70.65,58.67,3.49,33.75,above_signal,bottom_divergence,none,False,True,,2026-04-30,False,False,1.6341,1.6293,0.0096,2.5764,71.3436,68.7672,79.0728,81.6493,中等波动,0,44.68,44.28,102.398,102.398,148.0,100.0,allow,2026-05-13,logistic_regression,tail_risk_phase1_v1,2026-05-13,lightgbm_classifier,barrier_risk_phase2_v1,2026-05-13,lightgbm_regressor,alpha158_qlib_return_phase4_v1,841.0,,2026-05-13,lightgbm_regressor,limit_up_3d_opportunity_phase8_v1,False,0.0043,-0.0166,2026-05-13,naive_bayes,trade_day_gate_phase7_v1,allow,allow,False,Phase7 判断当日买点环境允许交易。,"recent 10d high on 2026-04-30 at 77.99, MA20 touch on 2026-05-13, latest distance=-5.22%, vol5_20=0.93","[{""pattern_id"": 5, ""reason"": ""recent 10d high on 2026-04-30 at 77.99, MA20 touch on 2026-05-13, latest distance=-5.22%, vol5_20=0.93"", ""close"": 73.92, ""distance_to_ma20"": 0.0161, ""volume_ratio_20"": 0.9021, ""recent_high_date"": ""2026-04-30"", ""recent_high_price"": 77.99, ""days_since_recent_high"": 6.0, ""distance_from_recent_high_pct"": -0.0522, ""ma20_slope_short_pct"": 0.003, ""ma20_slope_long_pct"": 0.0439, ""ma60_slope_short_pct"": 0.0015, ""ma60_slope_long_pct"": 0.0104, ""pullback_volume_contraction_ratio"": 0.9302, ""ma20_touch_date"": ""2026-05-13"", ""ma20_touch_distance"": 0.36}]",,,,,,,,,,,,,,,,,,,,,,,,,,,,,,,,,,,,,,0.0161,0.9021,2026-04-30,77.99,6.0,-0.0522,0.003,0.0439,0.0015,0.0104,0.9302,2026-05-13,0.36,,,,,,,,,,,,,,,,,,,,,"[""pattern""]",792.0,False,2026-05-13,73.92,1
2026-05-13,4,"=""002591""",恒大高新,-0.2212,pattern,True,"[""1""]",1,9.31,3.08,98.9,50.82,41.4,17.51,72.99,4.38,26.84,above_signal,none,bullish,False,False,,,True,False,0.5127,0.3005,0.4244,0.3953,8.6247,8.2293,9.8107,10.206,中等波动,0,0.0,0.0,98.9,98.9,,100.0,allow,2026-05-13,logistic_regression,tail_risk_phase1_v1,2026-05-13,lightgbm_classifier,barrier_risk_phase2_v1,2026-05-13,lightgbm_regressor,alpha158_qlib_return_phase4_v1,2362.0,,2026-05-13,lightgbm_regressor,limit_up_3d_opportunity_phase8_v1,False,0.0332,-0.0022,2026-05-13,naive_bayes,trade_day_gate_phase7_v1,allow,allow,False,Phase7 判断当日买点环境允许交易。,"near old high 9.44 from 2025-12-31, distance=4.45%, drawdown=33.79%, vol20=1.30","[{""pattern_id"": 1, ""reason"": ""near old high 9.44 from 2025-12-31, distance=4.45%, drawdown=33.79%, vol20=1.30"", ""close"": 9.02, ""old_high_date"": ""2025-12-31"", ""old_high_price"": 9.44, ""days_since_old_high"": 83.0, ""max_drawdown_since_old_high"": 0.3379, ""distance_to_old_high_pct"": 0.0445, ""extension_above_old_high_pct"": 0.0, ""volume_ratio_20"": 1.3031}]",2025-12-31,9.44,83.0,0.3379,0.0445,,,,,,,,0.0,,,,,,,,,,,,,,,,,,,,,,,,,,1.3031,,,,,,,,,,,,,,,,,,,,,,,,,,,,,,,,"[""pattern""]",1481.0,False,2026-05-13,9.02,1
2026-05-13,5,"=""002443""",金洲管道,1.1895,pattern,True,"[""1""]",1,46.58,9.71,95.15,90.13,7.44,43.12,80.79,4.41,26.71,above_signal,none,bullish,False,False,,,True,False,0.7419,0.6816,0.1207,0.5246,11.3854,10.8607,12.9593,13.4839,中等波动,0,33.16,0.0,97.8028,97.8028,,100.0,allow,2026-05-13,logistic_regression,tail_risk_phase1_v1,2026-05-13,lightgbm_classifier,barrier_risk_phase2_v1,2026-05-13,lightgbm_regressor,alpha158_qlib_return_phase4_v1,1629.0,,2026-05-13,lightgbm_regressor,limit_up_3d_opportunity_phase8_v1,False,0.0153,0.0119,2026-05-13,naive_bayes,trade_day_gate_phase7_v1,allow,allow,False,Phase7 判断当日买点环境允许交易。,"near old high 12.41 from 2016-10-26, distance=4.03%, drawdown=67.20%, vol20=0.65","[{""pattern_id"": 1, ""reason"": ""near old high 12.41 from 2016-10-26, distance=4.03%, drawdown=67.20%, vol20=0.65"", ""close"": 11.91, ""old_high_date"": ""2016-10-26"", ""old_high_price"": 12.41, ""days_since_old_high"": 2256.0, ""max_drawdown_since_old_high"": 0.672, ""distance_to_old_high_pct"": 0.0403, ""extension_above_old_high_pct"": 0.0, ""volume_ratio_20"": 0.6467}]",2016-10-26,12.41,2256.0,0.672,0.0403,,,,,,,,0.0,,,,,,,,,,,,,,,,,,,,,,,,,,0.6467,,,,,,,,,,,,,,,,,,,,,,,,,,,,,,,,"[""pattern""]",47.0,False,2026-05-13,11.91,1
2026-05-13,6,"=""603906""",龙蟠科技,-0.4072,pattern,True,"[""5""]",5,4.12,17.05,96.95,72.43,35.81,6.6,74.83,6.44,18.27,below_signal,none,bearish,False,False,,,False,True,2.1856,2.5909,-0.8106,1.8901,27.4599,25.5699,33.1301,35.0202,高波动,0,0.0,0.0,96.95,96.95,,100.0,allow,2026-05-13,logistic_regression,tail_risk_phase1_v1,2026-05-13,lightgbm_classifier,barrier_risk_phase2_v1,2026-05-13,lightgbm_regressor,alpha158_qlib_return_phase4_v1,2674.0,,2026-05-13,lightgbm_regressor,limit_up_3d_opportunity_phase8_v1,False,0.0238,-0.0041,2026-05-13,naive_bayes,trade_day_gate_phase7_v1,allow,allow,False,Phase7 判断当日买点环境允许交易。,"recent 10d high on 2026-04-30 at 34.52, MA20 touch on 2026-05-13, latest distance=-14.98%, vol5_20=0.84","[{""pattern_id"": 5, ""reason"": ""recent 10d high on 2026-04-30 at 34.52, MA20 touch on 2026-05-13, latest distance=-14.98%, vol5_20=0.84"", ""close"": 29.35, ""distance_to_ma20"": 0.0178, ""volume_ratio_20"": 0.6792, ""recent_high_date"": ""2026-04-30"", ""recent_high_price"": 34.52, ""days_since_recent_high"": 6.0, ""distance_from_recent_high_pct"": -0.1498, ""ma20_slope_short_pct"": 0.0127, ""ma20_slope_long_pct"": 0.1876, ""ma60_slope_short_pct"": 0.0084, ""ma60_slope_long_pct"": 0.1032, ""pullback_volume_contraction_ratio"": 0.8389, ""ma20_touch_date"": ""2026-05-13"", ""ma20_touch_distance"": 0.022}]",,,,,,,,,,,,,,,,,,,,,,,,,,,,,,,,,,,,,,0.0178,0.6792,2026-04-30,34.52,6.0,-0.1498,0.0127,0.1876,0.0084,0.1032,0.8389,2026-05-13,0.022,,,,,,,,,,,,,,,,,,,,,"[""pattern""]",480.0,False,2026-05-13,29.35,1
2026-05-13,7,"=""600641""",先导基电,-1.5509,pattern,True,"[""1""]",1,6.1,6.13,94.64,30.67,33.73,13.07,71.95,4.76,24.7,above_signal,none,bullish,False,False,,,True,False,2.2713,2.1452,0.2521,1.3908,27.8092,26.4184,31.9816,33.3723,中等波动,0,0.0,0.0,94.64,94.64,,100.0,allow,2026-05-13,logistic_regression,tail_risk_phase1_v1,2026-05-13,lightgbm_classifier,barrier_risk_phase2_v1,2026-05-13,lightgbm_regressor,alpha158_qlib_return_phase4_v1,2489.0,,2026-05-13,lightgbm_regressor,limit_up_3d_opportunity_phase8_v1,False,0.0115,-0.0155,2026-05-13,naive_bayes,trade_day_gate_phase7_v1,allow,allow,False,Phase7 判断当日买点环境允许交易。,"near old high 30.15 from 2022-08-08, distance=3.15%, drawdown=69.86%, vol20=0.88","[{""pattern_id"": 1, ""reason"": ""near old high 30.15 from 2022-08-08, distance=3.15%, drawdown=69.86%, vol20=0.88"", ""close"": 29.2, ""old_high_date"": ""2022-08-08"", ""old_high_price"": 30.15, ""days_since_old_high"": 908.0, ""max_drawdown_since_old_high"": 0.6986, ""distance_to_old_high_pct"": 0.0315, ""extension_above_old_high_pct"": 0.0, ""volume_ratio_20"": 0.8758}]",2022-08-08,30.15,908.0,0.6986,0.0315,,,,,,,,0.0,,,,,,,,,,,,,,,,,,,,,,,,,,0.8758,,,,,,,,,,,,,,,,,,,,,,,,,,,,,,,,"[""pattern""]",2372.0,False,2026-05-13,29.2,1
2026-05-13,8,"=""600150""",中国船舶,3.1358,pattern,True,"[""2""]",2,13.97,16.51,94.34,69.16,25.06,79.32,71.52,3.33,35.34,above_signal,none,bullish,False,False,,,True,False,2.0822,1.8221,0.5203,1.3907,40.3793,38.9885,44.5515,45.9422,中等波动,1,0.0,0.0,94.34,94.34,,100.0,allow,2026-05-13,logistic_regression,tail_risk_phase1_v1,2026-05-13,lightgbm_classifier,barrier_risk_phase2_v1,2026-05-13,lightgbm_regressor,alpha158_qlib_return_phase4_v1,593.0,,2026-05-13,lightgbm_regressor,limit_up_3d_opportunity_phase8_v1,False,0.038,0.0314,2026-05-13,naive_bayes,trade_day_gate_phase7_v1,allow,allow,False,Phase7 判断当日买点环境允许交易。,"price above old high 40.98 from 2025-08-19, post_breakout=8d, vol_ratio=1.09","[{""pattern_id"": 2, ""reason"": ""price above old high 40.98 from 2025-08-19, post_breakout=8d, vol_ratio=1.09"", ""close"": 41.77, ""old_high_date"": ""2025-08-19"", ""old_high_price"": 40.98, ""days_since_old_high"": 173.0, ""max_drawdown_since_old_high"": 0.2679, ""distance_to_old_high_pct"": -0.0193, ""breakout_date"": ""2026-04-28"", ""breakout_volume_ratio"": 1.0865, ""breakout_close_position"": 0.8077, ""breakout_upper_shadow_pct"": 0.1923, ""breakout_body_pct"": 0.7722, ""breakout_turnover"": 0.0433, ""breakout_turnover_state"": ""low"", ""extension_above_old_high_pct"": 0.0193, ""days_after_breakout"": 8.0, ""post_breakout_max_high_extension_pct"": 0.0508, ""volume_ratio_20"": 1.0997}]",2025-08-19,40.98,173.0,0.2679,-0.0193,2026-04-28,1.0865,0.8077,0.1923,0.7722,0.0433,low,0.0193,8.0,0.0508,,,,,,,,,,,,,,,,,,,,,,,,1.0997,,,,,,,,,,,,,,,,,,,,,,,,,,,,,,,,"[""pattern""]",600.0,False,2026-05-13,41.77,2
2026-05-13,9,"=""605258""",协和电子,0.5758,pattern,True,"[""1""]",1,76.32,31.21,82.96,84.24,9.98,51.47,61.27,3.91,30.1,above_signal,top_divergence,none,True,False,2026-05-13,,False,False,0.7372,0.6212,0.2319,1.5021,36.9279,35.4258,41.4342,42.9363,中等波动,0,92.64,2.42,90.6616,90.6616,,100.0,allow,2026-05-13,logistic_regression,tail_risk_phase1_v1,2026-05-13,lightgbm_classifier,barrier_risk_phase2_v1,2026-05-13,lightgbm_regressor,alpha158_qlib_return_phase4_v1,1390.0,,2026-05-13,lightgbm_regressor,limit_up_3d_opportunity_phase8_v1,False,0.0183,0.0058,2026-05-13,naive_bayes,trade_day_gate_phase7_v1,allow,allow,False,Phase7 判断当日买点环境允许交易。,"near old high 39.67 from 2025-11-04, distance=3.13%, drawdown=24.02%, vol20=0.90","[{""pattern_id"": 1, ""reason"": ""near old high 39.67 from 2025-11-04, distance=3.13%, drawdown=24.02%, vol20=0.90"", ""close"": 38.43, ""old_high_date"": ""2025-11-04"", ""old_high_price"": 39.67, ""days_since_old_high"": 124.0, ""max_drawdown_since_old_high"": 0.2402, ""distance_to_old_high_pct"": 0.0313, ""extension_above_old_high_pct"": 0.0, ""volume_ratio_20"": 0.9018}]",2025-11-04,39.67,124.0,0.2402,0.0313,,,,,,,,0.0,,,,,,,,,,,,,,,,,,,,,,,,,,0.9018,,,,,,,,,,,,,,,,,,,,,,,,,,,,,,,,"[""pattern""]",138.0,False,2026-05-13,38.43,2
2026-05-13,10,"=""603332""",苏州龙杰,5.1246,pattern,True,"[""1""]",1,37.81,33.05,86.78,44.03,26.1,34.56,72.11,3.53,33.3,golden_cross,none,none,False,False,,,False,False,0.2935,0.2739,0.0393,0.5218,14.2482,13.7264,15.8136,16.3354,中等波动,1,15.62,6.1,88.7616,88.7616,,100.0,allow,2026-05-13,logistic_regression,tail_risk_phase1_v1,2026-05-13,lightgbm_classifier,barrier_risk_phase2_v1,2026-05-13,lightgbm_regressor,alpha158_qlib_return_phase4_v1,1874.0,,2026-05-13,lightgbm_regressor,limit_up_3d_opportunity_phase8_v1,False,0.052,0.0512,2026-05-13,naive_bayes,trade_day_gate_phase7_v1,allow,allow,False,Phase7 判断当日买点环境允许交易。,"near old high 15.52 from 2026-01-20, distance=4.83%, drawdown=25.90%, vol20=1.39","[{""pattern_id"": 1, ""reason"": ""near old high 15.52 from 2026-01-20, distance=4.83%, drawdown=25.90%, vol20=1.39"", ""close"": 14.77, ""old_high_date"": ""2026-01-20"", ""old_high_price"": 15.52, ""days_since_old_high"": 71.0, ""max_drawdown_since_old_high"": 0.259, ""distance_to_old_high_pct"": 0.0483, ""extension_above_old_high_pct"": 0.0, ""volume_ratio_20"": 1.3884}]",2026-01-20,15.52,71.0,0.259,0.0483,,,,,,,,0.0,,,,,,,,,,,,,,,,,,,,,,,,,,1.3884,,,,,,,,,,,,,,,,,,,,,,,,,,,,,,,,"[""pattern""]",1807.0,False,2026-05-13,14.77,1
2026-05-13,11,"=""605298""",必得科技,0.4972,pattern,True,"[""6""]",6,22.91,29.3,88.18,72.19,25.28,10.62,76.46,4.74,24.82,below_signal,none,none,False,False,,,False,False,2.1703,2.7981,-1.2555,2.6833,53.9167,51.2334,61.9666,64.65,中等波动,0,0.0,0.0,88.18,88.18,,100.0,allow,2026-05-13,logistic_regression,tail_risk_phase1_v1,2026-05-13,lightgbm_classifier,barrier_risk_phase2_v1,2026-05-13,lightgbm_regressor,alpha158_qlib_return_phase4_v1,2559.0,,2026-05-13,lightgbm_regressor,limit_up_3d_opportunity_phase8_v1,False,0.0059,0.005,2026-05-13,naive_bayes,trade_day_gate_phase7_v1,allow,allow,False,Phase7 判断当日买点环境允许交易。,"double-volume support hold: anchor=2026-04-17 close=54.75, peak=65.00 on 2026-04-23, launch=18.72%, limit_up_like=2, pullback=15.97%, vol_back/front=0.58, pullback_max/rise_tail=1.00, touch=2026-05-13","[{""pattern_id"": 6, ""reason"": ""double-volume support hold: anchor=2026-04-17 close=54.75, peak=65.00 on 2026-04-23, launch=18.72%, limit_up_like=2, pullback=15.97%, vol_back/front=0.58, pullback_max/rise_tail=1.00, touch=2026-05-13"", ""close"": 56.6, ""pullback_low_date"": ""2026-05-13"", ""pullback_low_price"": 54.62, ""peak_to_pullback_drawdown_pct"": 0.1597, ""pullback_back_half_volume_ratio"": 0.5753, ""volume_ratio_20"": 0.6012, ""pattern6_branch"": ""support_hold"", ""anchor_date"": ""2026-04-17"", ""anchor_close"": 54.75, ""support_price"": 54.75, ""anchor_volume_ratio_prev"": 1.3196, ""anchor_volume_ratio_ma20"": 1.8433, ""launch_confirm_high_date"": ""2026-04-23"", ""launch_confirm_high_price"": 65.0, ""launch_confirm_return_pct"": 0.1872, ""peak_date"": ""2026-04-23"", ""peak_price"": 65.0, ""anchor_to_peak_return_pct"": 0.1872, ""limit_up_like_count"": 2.0, ""pullback_volume_ratio_to_anchor"": 0.7436, ""pullback_front_half_avg_volume"": 3401296.8, ""pullback_back_half_avg_volume"": 1956604.6667, ""rise_tail_avg_volume"": 5103046.6667, ""pullback_max_volume"": 5104351.0, ""pullback_max_rise_tail_volume_ratio"": 1.0003, ""support_touch_date"": ""2026-05-13""}]",,,,,,,,,,,,,,,,,,,,,,2026-05-13,54.62,0.1597,,,,,,,,,0.5753,,,,,,0.6012,,,,,,,,,,,,support_hold,2026-04-17,54.75,54.75,1.3196,1.8433,2026-04-23,65.0,0.1872,2026-04-23,65.0,0.1872,2.0,0.7436,3401296.8,1956604.6667,5103046.6667,5104351.0,1.0003,2026-05-13,"[""pattern""]",489.0,False,2026-05-13,56.6,2
2026-05-13,12,"=""001317""",三羊马,2.2297,pattern,True,"[""1""]",1,13.56,5.09,87.91,39.47,29.75,3.39,80.78,4.16,28.27,above_signal,none,none,False,False,,,False,False,2.616,1.7379,1.7562,2.5183,58.0017,55.4834,65.5566,68.0749,中等波动,0,0.0,0.0,87.91,87.91,,100.0,allow,2026-05-13,logistic_regression,tail_risk_phase1_v1,2026-05-13,lightgbm_classifier,barrier_risk_phase2_v1,2026-05-13,lightgbm_regressor,alpha158_qlib_return_phase4_v1,2766.0,,2026-05-13,lightgbm_regressor,limit_up_3d_opportunity_phase8_v1,False,0.0373,0.0223,2026-05-13,naive_bayes,trade_day_gate_phase7_v1,allow,allow,False,Phase7 判断当日买点环境允许交易。,"near old high 62.92 from 2025-12-18, distance=3.81%, drawdown=32.20%, vol20=1.36","[{""pattern_id"": 1, ""reason"": ""near old high 62.92 from 2025-12-18, distance=3.81%, drawdown=32.20%, vol20=1.36"", ""close"": 60.52, ""old_high_date"": ""2025-12-18"", ""old_high_price"": 62.92, ""days_since_old_high"": 92.0, ""max_drawdown_since_old_high"": 0.322, ""distance_to_old_high_pct"": 0.0381, ""extension_above_old_high_pct"": 0.0, ""volume_ratio_20"": 1.3628}]",2025-12-18,62.92,92.0,0.322,0.0381,,,,,,,,0.0,,,,,,,,,,,,,,,,,,,,,,,,,,1.3628,,,,,,,,,,,,,,,,,,,,,,,,,,,,,,,,"[""pattern""]",2034.0,False,2026-05-13,60.52,1
2026-05-13,13,"=""002768""",国恩股份,1.2459,pattern,True,"[""2""]",2,26.09,9.78,83.73,60.27,32.06,15.69,81.48,3.76,31.29,above_signal,none,none,False,False,,,False,False,2.6288,1.576,2.1057,2.3219,59.4381,57.1161,66.4039,68.7258,中等波动,0,0.0,0.0,83.73,83.73,,100.0,allow,2026-05-13,logistic_regression,tail_risk_phase1_v1,2026-05-13,lightgbm_classifier,barrier_risk_phase2_v1,2026-05-13,lightgbm_regressor,alpha158_qlib_return_phase4_v1,2414.0,,2026-05-13,lightgbm_regressor,limit_up_3d_opportunity_phase8_v1,False,0.0292,0.0125,2026-05-13,naive_bayes,trade_day_gate_phase7_v1,allow,allow,False,Phase7 判断当日买点环境允许交易。,"price above old high 60.98 from 2026-01-27, post_breakout=2d, vol_ratio=1.30","[{""pattern_id"": 2, ""reason"": ""price above old high 60.98 from 2026-01-27, post_breakout=2d, vol_ratio=1.30"", ""close"": 61.76, ""old_high_date"": ""2026-01-27"", ""old_high_price"": 60.98, ""days_since_old_high"": 66.0, ""max_drawdown_since_old_high"": 0.2748, ""distance_to_old_high_pct"": -0.0128, ""breakout_date"": ""2026-05-11"", ""breakout_volume_ratio"": 1.3047, ""breakout_close_position"": 0.8072, ""breakout_upper_shadow_pct"": 0.1928, ""breakout_body_pct"": 0.6992, ""breakout_turnover"": 0.0567, ""breakout_turnover_state"": ""low"", ""extension_above_old_high_pct"": 0.0128, ""days_after_breakout"": 2.0, ""post_breakout_max_high_extension_pct"": 0.037, ""volume_ratio_20"": 1.0286}]",2026-01-27,60.98,66.0,0.2748,-0.0128,2026-05-11,1.3047,0.8072,0.1928,0.6992,0.0567,low,0.0128,2.0,0.037,,,,,,,,,,,,,,,,,,,,,,,,1.0286,,,,,,,,,,,,,,,,,,,,,,,,,,,,,,,,"[""pattern""]",1003.0,False,2026-05-13,61.76,2
2026-05-13,14,"=""603222""",济民健康,-0.8662,pattern,True,"[""4""]",4,61.32,24.41,77.4,57.71,19.85,81.41,66.24,4.84,24.31,golden_cross,none,none,False,False,,,False,False,0.1393,0.1339,0.0109,0.4984,9.8016,9.3032,11.2968,11.7952,中等波动,0,62.64,0.0,82.4112,82.4112,,100.0,allow,2026-05-13,logistic_regression,tail_risk_phase1_v1,2026-05-13,lightgbm_classifier,barrier_risk_phase2_v1,2026-05-13,lightgbm_regressor,alpha158_qlib_return_phase4_v1,533.0,,2026-05-13,lightgbm_regressor,limit_up_3d_opportunity_phase8_v1,False,0.0135,-0.0087,2026-05-13,naive_bayes,trade_day_gate_phase7_v1,allow,allow,False,Phase7 判断当日买点环境允许交易。,"duck peak 2026-04-07 at 11.52, neck=29.15%, pullback=20.75%, cross=2026-05-08, vol/pk_tail=0.41","[{""pattern_id"": 4, ""reason"": ""duck peak 2026-04-07 at 11.52, neck=29.15%, pullback=20.75%, cross=2026-05-08, vol/pk_tail=0.41"", ""close"": 10.3, ""duck_peak_date"": ""2026-04-07"", ""duck_peak_price"": 11.52, ""days_since_duck_peak"": 23.0, ""neck_start_date"": ""2026-02-24"", ""neck_return_pct"": 0.2915, ""neck_low_to_peak_return_pct"": 0.3714, ""pullback_low_date"": ""2026-04-28"", ""pullback_low_price"": 9.13, ""peak_to_pullback_drawdown_pct"": 0.2075, ""nostril_cross_date"": ""2026-05-08"", ""days_since_nostril_cross"": 3.0, ""cross_after_pullback_low_days"": 5.0, ""nostril_cross_ma5_ma10_gap_pct"": 0.0125, ""latest_ma5_ma10_gap_pct"": 0.0298, ""nostril_volume_ma20_ratio"": 0.6086, ""distance_to_duck_peak_pct"": -0.1059, ""pullback_volume_peak_tail_ratio"": 0.4098, ""pullback_back_half_volume_ratio"": 0.5887, ""pullback_max_single_day_peak_tail_ratio"": 0.994, ""large_bearish_count"": 0.0, ""max_bearish_body_pct"": 0.0327, ""max_bearish_volume_ratio"": 2.4259, ""volume_ratio_20"": 0.6264, ""pullback_max_volume"": 81460579.0}]",,,,,,,,,,,,,,,,2026-04-07,11.52,23.0,2026-02-24,0.2915,0.3714,2026-04-28,9.13,0.2075,2026-05-08,3.0,5.0,0.0125,0.0298,0.6086,-0.1059,0.4098,0.5887,0.994,0.0,0.0327,2.4259,,0.6264,,,,,,,,,,,,,,,,,,,,,,,,,,,,,81460579.0,,,"[""pattern""]",1128.0,False,2026-05-13,10.3,1
2026-05-13,15,"=""603800""",洪田股份,-1.0308,pattern,True,"[""1""]",1,10.92,7.0,74.92,26.82,26.19,1.89,44.28,4.81,24.47,above_signal,none,none,False,False,,,False,False,3.8467,3.2108,1.2719,2.7693,54.8407,52.0713,63.1487,65.918,中等波动,0,0.0,0.0,74.92,74.92,,100.0,allow,2026-05-13,logistic_regression,tail_risk_phase1_v1,2026-05-13,lightgbm_classifier,barrier_risk_phase2_v1,2026-05-13,lightgbm_regressor,alpha158_qlib_return_phase4_v1,2809.0,,2026-05-13,lightgbm_regressor,limit_up_3d_opportunity_phase8_v1,False,0.005,-0.0103,2026-05-13,naive_bayes,trade_day_gate_phase7_v1,allow,allow,False,Phase7 判断当日买点环境允许交易。,"near old high 58.71 from 2025-12-25, distance=1.87%, drawdown=41.73%, vol20=1.29","[{""pattern_id"": 1, ""reason"": ""near old high 58.71 from 2025-12-25, distance=1.87%, drawdown=41.73%, vol20=1.29"", ""close"": 57.61, ""old_high_date"": ""2025-12-25"", ""old_high_price"": 58.71, ""days_since_old_high"": 87.0, ""max_drawdown_since_old_high"": 0.4173, ""distance_to_old_high_pct"": 0.0187, ""extension_above_old_high_pct"": 0.0, ""volume_ratio_20"": 1.2949}]",2025-12-25,58.71,87.0,0.4173,0.0187,,,,,,,,0.0,,,,,,,,,,,,,,,,,,,,,,,,,,1.2949,,,,,,,,,,,,,,,,,,,,,,,,,,,,,,,,"[""pattern""]",2521.0,False,2026-05-13,57.61,1
2026-05-13,16,"=""603969""",银龙股份,2.5694,p8_top5,False,,,45.88,32.89,90.69,79.55,15.58,99.86,71.41,3.62,32.47,above_signal,bottom_divergence,none,False,True,,2026-04-28,False,False,0.0569,-0.0418,0.1975,0.3616,9.6184,9.2569,10.7031,11.0647,中等波动,0,31.76,5.78,93.9244,93.9244,,100.0,allow,2026-05-13,logistic_regression,tail_risk_phase1_v1,2026-05-13,lightgbm_classifier,barrier_risk_phase2_v1,2026-05-13,lightgbm_regressor,alpha158_qlib_return_phase4_v1,5.0,5.0,2026-05-13,lightgbm_regressor,limit_up_3d_opportunity_phase8_v1,False,0.0298,0.0257,2026-05-13,naive_bayes,trade_day_gate_phase7_v1,allow,allow,False,Phase7 判断当日买点环境允许交易。,,,,,,,,,,,,,,,,,,,,,,,,,,,,,,,,,,,,,,,,,,,,,,,,,,,,,,,,,,,,,,,,,,,,,,,,,"[""p8_top5""]",264.0,False,2026-05-13,9.98,1
2026-05-13,17,"=""600506""",统一股份,1.2541,p8_top5,False,,,94.91,19.79,80.05,45.15,30.3,99.97,63.99,4.86,24.22,below_signal,bottom_divergence,none,False,True,,2026-05-08,False,False,-0.9548,-0.7135,-0.4825,0.9019,17.6681,16.7662,20.3738,21.2756,中等波动,0,70.18,0.0,85.6644,85.6644,,100.0,allow,2026-05-13,logistic_regression,tail_risk_phase1_v1,2026-05-13,lightgbm_classifier,barrier_risk_phase2_v1,2026-05-13,lightgbm_regressor,alpha158_qlib_return_phase4_v1,2.0,2.0,2026-05-13,lightgbm_regressor,limit_up_3d_opportunity_phase8_v1,False,0.0224,0.0125,2026-05-13,naive_bayes,trade_day_gate_phase7_v1,allow,allow,False,Phase7 判断当日买点环境允许交易。,,,,,,,,,,,,,,,,,,,,,,,,,,,,,,,,,,,,,,,,,,,,,,,,,,,,,,,,,,,,,,,,,,,,,,,,,"[""p8_top5""]",1756.0,False,2026-05-13,18.57,1
2026-05-13,18,"=""000950""",重药控股,-1.3216,p8_top5,False,,,29.37,17.28,81.39,65.26,26.42,99.9,84.95,3.58,32.89,golden_cross,none,none,False,False,,,False,False,0.1023,0.0293,0.146,0.2404,6.4796,6.2391,7.2009,7.4413,中等波动,0,0.0,0.0,81.39,81.39,,100.0,allow,2026-05-13,logistic_regression,tail_risk_phase1_v1,2026-05-13,lightgbm_classifier,barrier_risk_phase2_v1,2026-05-13,lightgbm_regressor,alpha158_qlib_return_phase4_v1,4.0,4.0,2026-05-13,lightgbm_regressor,limit_up_3d_opportunity_phase8_v1,False,0.0044,-0.0132,2026-05-13,naive_bayes,trade_day_gate_phase7_v1,allow,allow,False,Phase7 判断当日买点环境允许交易。,,,,,,,,,,,,,,,,,,,,,,,,,,,,,,,,,,,,,,,,,,,,,,,,,,,,,,,,,,,,,,,,,,,,,,,,,"[""p8_top5""]",777.0,False,2026-05-13,6.72,1
2026-05-13,19,"=""002939""",长城证券,1.3402,p8_top5,False,,,6.26,9.01,63.88,48.24,29.72,100.0,87.92,2.47,40.0,above_signal,none,none,False,False,,,False,False,0.0769,-0.0192,0.1922,0.2427,9.5873,9.3447,10.3153,10.558,低波动,0,0.0,0.0,63.88,63.88,,100.0,allow,2026-05-13,logistic_regression,tail_risk_phase1_v1,2026-05-13,lightgbm_classifier,barrier_risk_phase2_v1,2026-05-13,lightgbm_regressor,alpha158_qlib_return_phase4_v1,1.0,1.0,2026-05-13,lightgbm_regressor,limit_up_3d_opportunity_phase8_v1,False,0.0227,0.0134,2026-05-13,naive_bayes,trade_day_gate_phase7_v1,allow,allow,False,Phase7 判断当日买点环境允许交易。,,,,,,,,,,,,,,,,,,,,,,,,,,,,,,,,,,,,,,,,,,,,,,,,,,,,,,,,,,,,,,,,,,,,,,,,,"[""p8_top5""]",1603.0,False,2026-05-13,9.83,1
2026-05-13,20,"=""603099""",长白山,1.9941,p8_top5,False,,,36.4,32.92,39.94,66.45,15.19,99.93,61.28,3.05,38.63,above_signal,bottom_divergence,none,False,True,,2026-04-29,False,False,0.0426,-0.3977,0.8807,1.1527,36.6973,35.5446,40.1554,41.3081,中等波动,0,12.8,5.84,41.6648,41.6648,,100.0,allow,2026-05-13,logistic_regression,tail_risk_phase1_v1,2026-05-13,lightgbm_classifier,barrier_risk_phase2_v1,2026-05-13,lightgbm_regressor,alpha158_qlib_return_phase4_v1,3.0,3.0,2026-05-13,lightgbm_regressor,limit_up_3d_opportunity_phase8_v1,False,0.0329,0.0199,2026-05-13,naive_bayes,trade_day_gate_phase7_v1,allow,allow,False,Phase7 判断当日买点环境允许交易。,,,,,,,,,,,,,,,,,,,,,,,,,,,,,,,,,,,,,,,,,,,,,,,,,,,,,,,,,,,,,,,,,,,,,,,,,"[""p8_top5""]",714.0,False,2026-05-13,37.85,1
2026-05-13,21,"=""603022""",新通联,0.0,phase4_top,False,,,77.6,76.26,96.69,92.29,6.66,92.84,32.88,2.88,40.0,above_signal,none,none,False,False,,,False,False,0.2569,0.1616,0.1906,0.3296,11.1304,10.8008,12.1192,12.4489,低波动,0,95.2,92.52,115.4084,115.4084,1.0,100.0,allow,2026-05-13,logistic_regression,tail_risk_phase1_v1,2026-05-13,lightgbm_classifier,barrier_risk_phase2_v1,2026-05-13,lightgbm_regressor,alpha158_qlib_return_phase4_v1,206.0,,2026-05-13,lightgbm_regressor,limit_up_3d_opportunity_phase8_v1,False,0.0131,0.0,2026-05-13,naive_bayes,trade_day_gate_phase7_v1,allow,allow,False,Phase7 判断当日买点环境允许交易。,,,,,,,,,,,,,,,,,,,,,,,,,,,,,,,,,,,,,,,,,,,,,,,,,,,,,,,,,,,,,,,,,,,,,,,,,"[""phase4_top""]",26.0,False,2026-05-13,11.46,2
2026-05-13,22,"=""603818""",曲美家居,0.0,phase4_top,False,,,77.76,79.37,95.71,89.38,7.43,79.35,79.27,3.09,38.04,above_signal,bottom_divergence,bullish,False,True,,2026-04-27,True,False,0.0725,0.025,0.095,0.1172,3.6728,3.5555,4.0245,4.1417,中等波动,0,95.52,98.74,115.2004,115.2004,2.0,100.0,allow,2026-05-13,logistic_regression,tail_risk_phase1_v1,2026-05-13,lightgbm_classifier,barrier_risk_phase2_v1,2026-05-13,lightgbm_regressor,alpha158_qlib_return_phase4_v1,592.0,,2026-05-13,lightgbm_regressor,limit_up_3d_opportunity_phase8_v1,False,0.0132,0.0,2026-05-13,naive_bayes,trade_day_gate_phase7_v1,allow,allow,False,Phase7 判断当日买点环境允许交易。,,,,,,,,,,,,,,,,,,,,,,,,,,,,,,,,,,,,,,,,,,,,,,,,,,,,,,,,,,,,,,,,,,,,,,,,,"[""phase4_top""]",59.0,False,2026-05-13,3.79,1
2026-05-13,23,"=""001311""",多利科技,1.7415,phase4_top,False,,,76.49,74.08,97.15,84.09,17.79,45.28,81.21,4.45,26.44,above_signal,bottom_divergence,none,False,True,,2026-04-28,False,False,-0.5151,-0.6552,0.2801,1.3519,29.0281,27.6762,33.0838,34.4357,中等波动,0,92.98,88.16,115.1676,115.1676,3.0,100.0,allow,2026-05-13,logistic_regression,tail_risk_phase1_v1,2026-05-13,lightgbm_classifier,barrier_risk_phase2_v1,2026-05-13,lightgbm_regressor,alpha158_qlib_return_phase4_v1,1567.0,,2026-05-13,lightgbm_regressor,limit_up_3d_opportunity_phase8_v1,False,0.0238,0.0174,2026-05-13,naive_bayes,trade_day_gate_phase7_v1,allow,allow,False,Phase7 判断当日买点环境允许交易。,,,,,,,,,,,,,,,,,,,,,,,,,,,,,,,,,,,,,,,,,,,,,,,,,,,,,,,,,,,,,,,,,,,,,,,,,"[""phase4_top""]",141.0,False,2026-05-13,30.38,1
2026-05-13,24,"=""603276""",恒兴新材,-1.0983,phase4_top,False,,,64.4,81.28,97.22,69.27,23.34,92.35,16.66,2.82,40.0,above_signal,none,none,False,False,,,False,False,0.3584,0.2696,0.1776,0.5086,17.5014,16.9929,19.0271,19.5357,低波动,1,68.8,97.44,114.4168,114.4168,4.0,100.0,allow,2026-05-13,logistic_regression,tail_risk_phase1_v1,2026-05-13,lightgbm_classifier,barrier_risk_phase2_v1,2026-05-13,lightgbm_regressor,alpha158_qlib_return_phase4_v1,220.0,,2026-05-13,lightgbm_regressor,limit_up_3d_opportunity_phase8_v1,False,0.0016,-0.011,2026-05-13,naive_bayes,trade_day_gate_phase7_v1,allow,allow,False,Phase7 判断当日买点环境允许交易。,,,,,,,,,,,,,,,,,,,,,,,,,,,,,,,,,,,,,,,,,,,,,,,,,,,,,,,,,,,,,,,,,,,,,,,,,"[""phase4_top""]",596.0,False,2026-05-13,18.01,1
2026-05-13,25,"=""002388""",新亚制程,-0.3656,phase4_top,False,,,75.49,72.61,96.75,93.01,6.09,82.11,77.59,3.3,35.7,above_signal,bottom_divergence,none,False,True,,2026-04-28,False,False,0.1193,0.0796,0.0794,0.1796,5.2704,5.0908,5.8092,5.9888,中等波动,0,90.98,85.22,114.2548,114.2548,5.0,100.0,allow,2026-05-13,logistic_regression,tail_risk_phase1_v1,2026-05-13,lightgbm_classifier,barrier_risk_phase2_v1,2026-05-13,lightgbm_regressor,alpha158_qlib_return_phase4_v1,513.0,,2026-05-13,lightgbm_regressor,limit_up_3d_opportunity_phase8_v1,False,0.0091,-0.0037,2026-05-13,naive_bayes,trade_day_gate_phase7_v1,allow,allow,False,Phase7 判断当日买点环境允许交易。,,,,,,,,,,,,,,,,,,,,,,,,,,,,,,,,,,,,,,,,,,,,,,,,,,,,,,,,,,,,,,,,,,,,,,,,,"[""phase4_top""]",25.0,False,2026-05-13,5.45,1
2026-05-13,26,"=""605167""",利柏特,-0.5208,phase4_top,False,,,87.44,89.85,97.76,96.6,1.66,87.74,79.61,4.54,25.91,above_signal,none,none,False,False,,,False,False,0.4696,0.2998,0.3394,0.8673,18.2327,17.3655,20.8345,21.7018,中等波动,0,85.12,80.3,114.2056,114.2056,6.0,100.0,allow,2026-05-13,logistic_regression,tail_risk_phase1_v1,2026-05-13,lightgbm_classifier,barrier_risk_phase2_v1,2026-05-13,lightgbm_regressor,alpha158_qlib_return_phase4_v1,352.0,,2026-05-13,lightgbm_regressor,limit_up_3d_opportunity_phase8_v1,False,0.0182,-0.0052,2026-05-13,naive_bayes,trade_day_gate_phase7_v1,allow,allow,False,Phase7 判断当日买点环境允许交易。,,,,,,,,,,,,,,,,,,,,,,,,,,,,,,,,,,,,,,,,,,,,,,,,,,,,,,,,,,,,,,,,,,,,,,,,,"[""phase4_top""]",3.0,True,2026-05-13,19.1,1
2026-05-13,27,"=""603722""",阿科力,0.1283,phase4_top,False,,,73.88,81.58,95.45,66.58,26.64,71.45,58.32,3.17,37.14,above_signal,none,none,False,False,,,False,False,0.998,0.8517,0.2925,1.2362,37.7938,36.5576,41.5024,42.7386,中等波动,0,87.76,96.84,114.0916,114.0916,7.0,100.0,allow,2026-05-13,logistic_regression,tail_risk_phase1_v1,2026-05-13,lightgbm_classifier,barrier_risk_phase2_v1,2026-05-13,lightgbm_regressor,alpha158_qlib_return_phase4_v1,818.0,,2026-05-13,lightgbm_regressor,limit_up_3d_opportunity_phase8_v1,False,0.0123,0.0013,2026-05-13,naive_bayes,trade_day_gate_phase7_v1,allow,allow,False,Phase7 判断当日买点环境允许交易。,,,,,,,,,,,,,,,,,,,,,,,,,,,,,,,,,,,,,,,,,,,,,,,,,,,,,,,,,,,,,,,,,,,,,,,,,"[""phase4_top""]",707.0,False,2026-05-13,39.03,1
2026-05-13,28,"=""002316""",亚联发展,-0.1773,phase4_top,False,,,92.93,80.01,95.65,96.35,0.54,92.45,68.99,3.46,34.0,above_signal,none,bullish,False,False,,,True,False,0.0704,0.0196,0.1015,0.1948,5.4352,5.2404,6.0196,6.2145,中等波动,0,74.14,99.98,113.5788,113.5788,8.0,100.0,allow,2026-05-13,logistic_regression,tail_risk_phase1_v1,2026-05-13,lightgbm_classifier,barrier_risk_phase2_v1,2026-05-13,lightgbm_regressor,alpha158_qlib_return_phase4_v1,217.0,,2026-05-13,lightgbm_regressor,limit_up_3d_opportunity_phase8_v1,False,0.0142,-0.0018,2026-05-13,naive_bayes,trade_day_gate_phase7_v1,allow,allow,False,Phase7 判断当日买点环境允许交易。,,,,,,,,,,,,,,,,,,,,,,,,,,,,,,,,,,,,,,,,,,,,,,,,,,,,,,,,,,,,,,,,,,,,,,,,,"[""phase4_top""]",5.0,True,2026-05-13,5.63,4
2026-05-13,29,"=""000048""",京基智农,-1.9502,phase4_top,False,,,99.77,80.61,96.42,82.26,15.91,93.64,28.74,4.38,26.84,above_signal,none,none,False,False,,,False,False,-0.7386,-0.9122,0.3472,0.6391,13.9409,13.3017,15.8583,16.4974,中等波动,1,60.46,98.78,113.1104,113.1104,9.0,100.0,allow,2026-05-13,logistic_regression,tail_risk_phase1_v1,2026-05-13,lightgbm_classifier,barrier_risk_phase2_v1,2026-05-13,lightgbm_regressor,alpha158_qlib_return_phase4_v1,183.0,,2026-05-13,lightgbm_regressor,limit_up_3d_opportunity_phase8_v1,False,0.0054,-0.0195,2026-05-13,naive_bayes,trade_day_gate_phase7_v1,allow,allow,False,Phase7 判断当日买点环境允许交易。,,,,,,,,,,,,,,,,,,,,,,,,,,,,,,,,,,,,,,,,,,,,,,,,,,,,,,,,,,,,,,,,,,,,,,,,,"[""phase4_top""]",184.0,False,2026-05-13,14.58,1
2026-05-13,30,"=""603768""",常青股份,-0.7481,phase4_top,False,,,60.45,79.0,96.25,94.89,2.86,73.03,74.1,2.68,40.0,above_signal,none,none,False,False,,,False,False,0.2371,0.1556,0.1631,0.3195,11.6205,11.3011,12.5789,12.8984,低波动,0,60.9,98.0,112.882,112.882,10.0,100.0,allow,2026-05-13,logistic_regression,tail_risk_phase1_v1,2026-05-13,lightgbm_classifier,barrier_risk_phase2_v1,2026-05-13,lightgbm_regressor,alpha158_qlib_return_phase4_v1,773.0,,2026-05-13,lightgbm_regressor,limit_up_3d_opportunity_phase8_v1,False,0.0058,-0.0075,2026-05-13,naive_bayes,trade_day_gate_phase7_v1,allow,allow,False,Phase7 判断当日买点环境允许交易。,,,,,,,,,,,,,,,,,,,,,,,,,,,,,,,,,,,,,,,,,,,,,,,,,,,,,,,,,,,,,,,,,,,,,,,,,"[""phase4_top""]",9.0,False,2026-05-13,11.94,3
2026-05-13,31,"=""001205""",盛航股份,-0.9144,phase4_top,False,,,85.5,85.13,94.84,81.34,15.18,97.52,77.18,2.24,40.0,above_signal,none,bearish,False,False,,,False,True,0.1447,0.0593,0.1708,0.3395,14.8305,14.491,15.849,16.1884,低波动,1,89.0,89.74,112.7288,112.7288,11.0,100.0,allow,2026-05-13,logistic_regression,tail_risk_phase1_v1,2026-05-13,lightgbm_classifier,barrier_risk_phase2_v1,2026-05-13,lightgbm_regressor,alpha158_qlib_return_phase4_v1,72.0,,2026-05-13,lightgbm_regressor,limit_up_3d_opportunity_phase8_v1,False,0.0059,-0.0091,2026-05-13,naive_bayes,trade_day_gate_phase7_v1,allow,allow,False,Phase7 判断当日买点环境允许交易。,,,,,,,,,,,,,,,,,,,,,,,,,,,,,,,,,,,,,,,,,,,,,,,,,,,,,,,,,,,,,,,,,,,,,,,,,"[""phase4_top""]",216.0,False,2026-05-13,15.17,1
2026-05-13,32,"=""603183""",建研院,0.2088,phase4_top,False,,,82.02,86.47,94.58,86.63,11.14,68.03,68.35,3.29,35.81,above_signal,none,none,False,False,,,False,False,0.0663,0.0565,0.0195,0.1577,4.6423,4.4846,5.1154,5.2731,中等波动,0,95.96,87.06,112.704,112.704,12.0,100.0,allow,2026-05-13,logistic_regression,tail_risk_phase1_v1,2026-05-13,lightgbm_classifier,barrier_risk_phase2_v1,2026-05-13,lightgbm_regressor,alpha158_qlib_return_phase4_v1,916.0,,2026-05-13,lightgbm_regressor,limit_up_3d_opportunity_phase8_v1,False,0.0146,0.0021,2026-05-13,naive_bayes,trade_day_gate_phase7_v1,allow,allow,False,Phase7 判断当日买点环境允许交易。,,,,,,,,,,,,,,,,,,,,,,,,,,,,,,,,,,,,,,,,,,,,,,,,,,,,,,,,,,,,,,,,,,,,,,,,,"[""phase4_top""]",100.0,False,2026-05-13,4.8,1
2026-05-13,33,"=""003028""",振邦智能,-0.2459,phase4_top,False,,,88.58,78.1,94.51,89.2,9.8,59.85,69.58,3.11,37.86,above_signal,bottom_divergence,none,False,True,,2026-04-30,False,False,0.0946,-0.0209,0.231,0.8825,27.5175,26.6349,30.1651,31.0476,中等波动,0,82.84,96.2,112.6812,112.6812,13.0,100.0,allow,2026-05-13,logistic_regression,tail_risk_phase1_v1,2026-05-13,lightgbm_classifier,barrier_risk_phase2_v1,2026-05-13,lightgbm_regressor,alpha158_qlib_return_phase4_v1,1150.0,,2026-05-13,lightgbm_regressor,limit_up_3d_opportunity_phase8_v1,False,0.0067,-0.0025,2026-05-13,naive_bayes,trade_day_gate_phase7_v1,allow,allow,False,Phase7 判断当日买点环境允许交易。,,,,,,,,,,,,,,,,,,,,,,,,,,,,,,,,,,,,,,,,,,,,,,,,,,,,,,,,,,,,,,,,,,,,,,,,,"[""phase4_top""]",63.0,False,2026-05-13,28.4,2
2026-05-13,34,"=""600448""",华纺股份,-1.1173,phase4_top,False,,,74.75,71.1,95.58,82.44,10.02,71.63,57.54,3.67,32.01,above_signal,none,none,False,False,,,False,False,0.0813,0.0595,0.0437,0.1301,3.4099,3.2799,3.8001,3.9302,中等波动,0,89.5,82.2,112.604,112.604,14.0,100.0,allow,2026-05-13,logistic_regression,tail_risk_phase1_v1,2026-05-13,lightgbm_classifier,barrier_risk_phase2_v1,2026-05-13,lightgbm_regressor,alpha158_qlib_return_phase4_v1,813.0,,2026-05-13,lightgbm_regressor,limit_up_3d_opportunity_phase8_v1,False,0.0056,-0.0112,2026-05-13,naive_bayes,trade_day_gate_phase7_v1,allow,allow,False,Phase7 判断当日买点环境允许交易。,,,,,,,,,,,,,,,,,,,,,,,,,,,,,,,,,,,,,,,,,,,,,,,,,,,,,,,,,,,,,,,,,,,,,,,,,"[""phase4_top""]",181.0,False,2026-05-13,3.54,1
2026-05-13,35,"=""603041""",美思德,0.7252,phase4_top,False,,,64.8,71.37,97.05,84.88,13.78,77.85,65.35,2.82,40.0,above_signal,none,none,False,False,,,False,False,0.3287,0.276,0.1054,0.3916,13.4984,13.1069,14.6731,15.0647,低波动,0,69.6,82.74,112.5468,112.5468,15.0,100.0,allow,2026-05-13,logistic_regression,tail_risk_phase1_v1,2026-05-13,lightgbm_classifier,barrier_risk_phase2_v1,2026-05-13,lightgbm_regressor,alpha158_qlib_return_phase4_v1,635.0,,2026-05-13,lightgbm_regressor,limit_up_3d_opportunity_phase8_v1,False,0.0225,0.0073,2026-05-13,naive_bayes,trade_day_gate_phase7_v1,allow,allow,False,Phase7 判断当日买点环境允许交易。,,,,,,,,,,,,,,,,,,,,,,,,,,,,,,,,,,,,,,,,,,,,,,,,,,,,,,,,,,,,,,,,,,,,,,,,,"[""phase4_top""]",125.0,False,2026-05-13,13.89,1
2026-05-13,36,"=""002700""",万憬能源,-0.979,phase4_top,False,,,84.86,85.23,94.01,79.6,8.77,82.77,55.05,2.46,40.0,above_signal,bottom_divergence,bullish,False,True,,2026-04-27,True,False,0.0866,0.0331,0.107,0.1743,6.9057,6.7314,7.4286,7.6029,低波动,0,90.28,89.54,111.9772,111.9772,16.0,100.0,allow,2026-05-13,logistic_regression,tail_risk_phase1_v1,2026-05-13,lightgbm_classifier,barrier_risk_phase2_v1,2026-05-13,lightgbm_regressor,alpha158_qlib_return_phase4_v1,494.0,,2026-05-13,lightgbm_regressor,limit_up_3d_opportunity_phase8_v1,False,0.0056,-0.0098,2026-05-13,naive_bayes,trade_day_gate_phase7_v1,allow,allow,False,Phase7 判断当日买点环境允许交易。,,,,,,,,,,,,,,,,,,,,,,,,,,,,,,,,,,,,,,,,,,,,,,,,,,,,,,,,,,,,,,,,,,,,,,,,,"[""phase4_top""]",261.0,False,2026-05-13,7.08,1
2026-05-13,37,"=""600481""",双良节能,-0.6279,phase4_top,False,,,99.8,66.95,98.23,94.24,3.74,70.86,67.68,4.1,28.7,above_signal,bottom_divergence,none,False,True,,2026-05-06,False,False,-0.15,-0.2063,0.1126,0.2595,6.0705,5.811,6.849,7.1085,中等波动,0,60.4,73.9,111.93,111.93,17.0,100.0,allow,2026-05-13,logistic_regression,tail_risk_phase1_v1,2026-05-13,lightgbm_classifier,barrier_risk_phase2_v1,2026-05-13,lightgbm_regressor,alpha158_qlib_return_phase4_v1,835.0,,2026-05-13,lightgbm_regressor,limit_up_3d_opportunity_phase8_v1,False,0.0063,-0.0063,2026-05-13,naive_bayes,trade_day_gate_phase7_v1,allow,allow,False,Phase7 判断当日买点环境允许交易。,,,,,,,,,,,,,,,,,,,,,,,,,,,,,,,,,,,,,,,,,,,,,,,,,,,,,,,,,,,,,,,,,,,,,,,,,"[""phase4_top""]",15.0,False,2026-05-13,6.33,1
2026-05-13,38,"=""001387""",雪祺电气,-0.346,phase4_top,False,,,57.94,75.95,96.28,93.75,1.54,76.1,84.42,2.46,40.0,above_signal,bottom_divergence,none,False,True,,2026-04-28,False,False,0.2765,0.1625,0.228,0.3537,14.0463,13.6925,15.1075,15.4612,低波动,0,55.88,91.9,111.7784,111.7784,18.0,100.0,allow,2026-05-13,logistic_regression,tail_risk_phase1_v1,2026-05-13,lightgbm_classifier,barrier_risk_phase2_v1,2026-05-13,lightgbm_regressor,alpha158_qlib_return_phase4_v1,685.0,,2026-05-13,lightgbm_regressor,limit_up_3d_opportunity_phase8_v1,False,0.0069,-0.0035,2026-05-13,naive_bayes,trade_day_gate_phase7_v1,allow,allow,False,Phase7 判断当日买点环境允许交易。,,,,,,,,,,,,,,,,,,,,,,,,,,,,,,,,,,,,,,,,,,,,,,,,,,,,,,,,,,,,,,,,,,,,,,,,,"[""phase4_top""]",21.0,False,2026-05-13,14.4,1
2026-05-13,39,"=""000619""",海螺新材,-0.9788,phase4_top,False,,,89.25,84.73,94.31,76.6,15.71,78.3,72.23,2.66,40.0,above_signal,none,none,False,False,,,False,False,0.0499,0.0246,0.0506,0.1612,5.9088,5.7477,6.3923,6.5535,低波动,1,81.5,90.54,111.6948,111.6948,19.0,100.0,allow,2026-05-13,logistic_regression,tail_risk_phase1_v1,2026-05-13,lightgbm_classifier,barrier_risk_phase2_v1,2026-05-13,lightgbm_regressor,alpha158_qlib_return_phase4_v1,622.0,,2026-05-13,lightgbm_regressor,limit_up_3d_opportunity_phase8_v1,False,0.0016,-0.0098,2026-05-13,naive_bayes,trade_day_gate_phase7_v1,allow,allow,False,Phase7 判断当日买点环境允许交易。,,,,,,,,,,,,,,,,,,,,,,,,,,,,,,,,,,,,,,,,,,,,,,,,,,,,,,,,,,,,,,,,,,,,,,,,,"[""phase4_top""]",351.0,False,2026-05-13,6.07,2
2026-05-13,40,"=""002663""",普邦股份,-2.8807,phase4_top,False,,,71.77,58.81,98.02,86.77,15.04,67.92,69.86,4.92,23.91,above_signal,none,none,False,False,,,False,False,0.0408,0.0126,0.0565,0.1161,2.2439,2.1278,2.5922,2.7083,中等波动,1,83.54,57.62,111.6176,111.6176,20.0,100.0,allow,2026-05-13,logistic_regression,tail_risk_phase1_v1,2026-05-13,lightgbm_classifier,barrier_risk_phase2_v1,2026-05-13,lightgbm_regressor,alpha158_qlib_return_phase4_v1,919.0,,2026-05-13,lightgbm_regressor,limit_up_3d_opportunity_phase8_v1,False,0.0,-0.0288,2026-05-13,naive_bayes,trade_day_gate_phase7_v1,allow,allow,False,Phase7 判断当日买点环境允许交易。,,,,,,,,,,,,,,,,,,,,,,,,,,,,,,,,,,,,,,,,,,,,,,,,,,,,,,,,,,,,,,,,,,,,,,,,,"[""phase4_top""]",97.0,False,2026-05-13,2.36,2
